driver_id,lap_number,stint_lap,compound,last_lap_time_s,rolling_lap_time_s,gap_ahead_s,gap_behind_s,position,pit_window_start_lap,pit_window_end_lap,pit_window_center_lap
ALB,1,0,MEDIUM,,,,,,7.0,7.0,7.0
ALB,2,0,MEDIUM,97.553,97.553,,,,7.0,7.0,7.0
ALB,3,0,MEDIUM,95.986,96.7695,,,,7.0,7.0,7.0
ALB,4,0,MEDIUM,95.553,96.36399999999999,,,,7.0,7.0,7.0
ALB,5,0,MEDIUM,95.59,95.70966666666668,,,,7.0,7.0,7.0
ALB,6,0,MEDIUM,95.977,95.70666666666666,,,,7.0,7.0,7.0
ALB,7,0,MEDIUM,131.613,107.72666666666667,,,,,,
ALB,8,1,HARD,179.983,135.85766666666666,,,,,,
ALB,9,2,HARD,145.427,152.341,,,,,,
ALB,10,3,HARD,100.318,141.90933333333334,,,,,,
ALB,11,4,HARD,96.232,113.99233333333332,,,,,,
ALB,12,5,HARD,95.441,97.33033333333333,,,,,,
ALB,13,6,HARD,95.213,95.62866666666666,,,,,,
ALB,14,7,HARD,95.181,95.27833333333332,,,,,,
ALB,15,8,HARD,95.533,95.30900000000001,,,,,,
ALB,16,9,HARD,96.47,95.728,,,,,,
ALB,17,10,HARD,97.029,96.344,,,,,,
ALB,18,11,HARD,95.608,96.36899999999999,,,,,,
ALB,19,12,HARD,95.064,95.90033333333334,,,,,,
ALB,20,13,HARD,95.278,95.31666666666666,,,,,,
ALB,21,14,HARD,94.82,95.05399999999999,,,,,,
ALB,22,15,HARD,96.016,95.37133333333334,,,,,,
ALB,23,16,HARD,95.363,95.39966666666668,,,,,,
ALB,24,17,HARD,95.967,95.782,,,,,,
ALB,25,18,HARD,96.124,95.818,,,,,,
ALB,26,19,HARD,96.633,96.24133333333333,,,,,,
ALB,27,20,HARD,96.127,96.29466666666667,,,,,,
ALB,28,21,HARD,96.166,96.30866666666667,,,,,,
ALB,29,22,HARD,95.687,95.99333333333334,,,,,,
ALB,30,23,HARD,96.135,95.996,,,,,,
ALB,31,24,HARD,95.84,95.88733333333334,,,,,,
ALB,32,25,HARD,95.621,95.86533333333334,,,,,,
ALB,33,26,HARD,95.221,95.56066666666668,,,,,,
ALB,34,27,HARD,94.524,95.122,,,,,,
ALB,35,28,HARD,95.05,94.93166666666667,,,,,,
ALB,36,29,HARD,93.987,94.52033333333333,,,,,,
ALB,37,30,HARD,93.939,94.32533333333333,,,,,,
ALB,38,31,HARD,93.673,93.86633333333333,,,,,,
ALB,39,32,HARD,93.504,93.70533333333333,,,,,,
ALB,40,33,HARD,93.424,93.53366666666666,,,,,,
ALB,41,34,HARD,93.75,93.55933333333333,,,,,,
ALB,42,35,HARD,92.85,93.34133333333334,,,,,,
ALB,43,36,HARD,92.994,93.198,,,,,,
ALB,44,37,HARD,92.997,92.947,,,,,,
ALB,45,38,HARD,92.564,92.85166666666667,,,,,,
ALB,46,39,HARD,92.54,92.70033333333333,,,,,,
ALB,47,40,HARD,93.858,92.98733333333332,,,,,,
ALB,48,41,HARD,92.711,93.03633333333335,,,,,,
ALB,49,42,HARD,92.56,93.043,,,,,,
ALB,50,43,HARD,92.307,92.526,,,,,,
ALO,1,0,MEDIUM,,,,,,7.0,7.0,7.0
ALO,2,0,MEDIUM,95.724,95.724,,,,7.0,7.0,7.0
ALO,3,0,MEDIUM,94.439,95.0815,,,,7.0,7.0,7.0
ALO,4,0,MEDIUM,94.746,94.96966666666667,,,,7.0,7.0,7.0
ALO,5,0,MEDIUM,94.512,94.56566666666667,,,,7.0,7.0,7.0
ALO,6,0,MEDIUM,94.48,94.57933333333334,,,,7.0,7.0,7.0
ALO,7,0,MEDIUM,126.883,105.29166666666667,,,,,,
ALO,8,1,HARD,185.292,135.55166666666665,,,,,,
ALO,9,2,HARD,154.968,155.71433333333331,,,,,,
ALO,10,3,HARD,97.296,145.852,,,,,,
ALO,11,4,HARD,94.53,115.598,,,,,,
ALO,12,5,HARD,94.735,95.52033333333334,,,,,,
ALO,13,6,HARD,94.664,94.64299999999999,,,,,,
ALO,14,7,HARD,94.877,94.75866666666667,,,,,,
ALO,15,8,HARD,94.678,94.73966666666666,,,,,,
ALO,16,9,HARD,94.773,94.776,,,,,,
ALO,17,10,HARD,94.695,94.71533333333332,,,,,,
ALO,18,11,HARD,94.651,94.70633333333332,,,,,,
ALO,19,12,HARD,94.576,94.64066666666666,,,,,,
ALO,20,13,HARD,94.39,94.53899999999999,,,,,,
ALO,21,14,HARD,94.378,94.448,,,,,,
ALO,22,15,HARD,94.173,94.31366666666668,,,,,,
ALO,23,16,HARD,93.958,94.16966666666667,,,,,,
ALO,24,17,HARD,94.033,94.05466666666666,,,,,,
ALO,25,18,HARD,93.89,93.96033333333332,,,,,,
ALO,26,19,HARD,93.841,93.92133333333334,,,,,,
ALO,27,20,HARD,93.58,93.77033333333333,,,,,,
ALO,28,21,HARD,93.863,93.76133333333333,,,,,,
ALO,29,22,HARD,93.682,93.70833333333333,,,,,,
ALO,30,23,HARD,93.493,93.67933333333333,,,,,,
ALO,31,24,HARD,93.67,93.61500000000001,,,,,,
ALO,32,25,HARD,93.398,93.52033333333333,,,,,,
ALO,33,26,HARD,93.452,93.50666666666666,,,,,,
ALO,34,27,HARD,93.261,93.37033333333333,,,,,,
ALO,35,28,HARD,93.395,93.36933333333333,,,,,,
ALO,36,29,HARD,93.014,93.22333333333331,,,,,,
ALO,37,30,HARD,93.116,93.175,,,,,,
ALO,38,31,HARD,92.937,93.02233333333334,,,,,,
ALO,39,32,HARD,92.692,92.915,,,,,,
ALO,40,33,HARD,92.427,92.68533333333333,,,,,,
ALO,41,34,HARD,92.662,92.59366666666666,,,,,,
ALO,42,35,HARD,92.41,92.49966666666667,,,,,,
ALO,43,36,HARD,92.387,92.48633333333333,,,,,,
ALO,44,37,HARD,92.474,92.42366666666668,,,,,,
ALO,45,38,HARD,92.413,92.42466666666667,,,,,,
ALO,46,39,HARD,92.641,92.50933333333334,,,,,,
ALO,47,40,HARD,92.579,92.54433333333333,,,,,,
ALO,48,41,HARD,92.629,92.61633333333333,,,,,,
ALO,49,42,HARD,92.389,92.53233333333333,,,,,,
ALO,50,43,HARD,92.779,92.599,,,,,,
BEA,1,0,SOFT,,,,,,7.0,7.0,7.0
BEA,2,0,SOFT,97.415,97.415,,,,7.0,7.0,7.0
BEA,3,0,SOFT,95.515,96.465,,,,7.0,7.0,7.0
BEA,4,0,SOFT,95.645,96.19166666666666,,,,7.0,7.0,7.0
BEA,5,0,SOFT,95.593,95.58433333333333,,,,7.0,7.0,7.0
BEA,6,0,SOFT,96.122,95.78666666666668,,,,7.0,7.0,7.0
BEA,7,0,SOFT,131.168,107.62766666666668,,,,,,
BEA,8,1,HARD,179.588,135.626,,,,,,
BEA,9,2,HARD,147.117,152.62433333333334,,,,,,
BEA,10,3,HARD,98.427,141.71066666666667,,,,,,
BEA,11,4,HARD,95.645,113.72966666666666,,,,,,
BEA,12,5,HARD,94.907,96.32633333333332,,,,,,
BEA,13,6,HARD,95.153,95.235,,,,,,
BEA,14,7,HARD,95.479,95.17966666666666,,,,,,
BEA,15,8,HARD,95.118,95.25,,,,,,
BEA,16,9,HARD,94.715,95.104,,,,,,
BEA,17,10,HARD,94.681,94.83800000000001,,,,,,
BEA,18,11,HARD,95.27,94.88866666666667,,,,,,
BEA,19,12,HARD,95.616,95.18900000000001,,,,,,
BEA,20,13,HARD,94.828,95.238,,,,,,
BEA,21,14,HARD,94.368,94.93733333333334,,,,,,
BEA,22,15,HARD,94.559,94.585,,,,,,
BEA,23,16,HARD,94.128,94.35166666666667,,,,,,
BEA,24,17,HARD,93.966,94.21766666666667,,,,,,
BEA,25,18,HARD,93.924,94.00600000000001,,,,,,
BEA,26,19,HARD,93.788,93.89266666666667,,,,,,
BEA,27,20,HARD,93.808,93.83999999999999,,,,,,
BEA,28,21,HARD,93.639,93.745,,,,,,
BEA,29,22,HARD,93.379,93.60866666666668,,,,,,
BEA,30,23,HARD,93.771,93.59633333333333,,,,,,
BEA,31,24,HARD,93.446,93.532,,,,,,
BEA,32,25,HARD,93.086,93.43433333333333,,,,,,
BEA,33,26,HARD,93.551,93.36099999999999,,,,,,
BEA,34,27,HARD,93.256,93.29766666666667,,,,,,
BEA,35,28,HARD,93.266,93.35766666666666,,,,,,
BEA,36,29,HARD,93.053,93.19166666666666,,,,,,
BEA,37,30,HARD,93.052,93.12366666666667,,,,,,
BEA,38,31,HARD,92.708,92.93766666666666,,,,,,
BEA,39,32,HARD,92.756,92.83866666666667,,,,,,
BEA,40,33,HARD,92.607,92.69033333333334,,,,,,
BEA,41,34,HARD,92.691,92.68466666666666,,,,,,
BEA,42,35,HARD,92.656,92.65133333333334,,,,,,
BEA,43,36,HARD,92.672,92.673,,,,,,
BEA,44,37,HARD,92.322,92.55,,,,,,
BEA,45,38,HARD,92.613,92.53566666666666,,,,,,
BEA,46,39,HARD,92.749,92.56133333333332,,,,,,
BEA,47,40,HARD,92.583,92.64833333333333,,,,,,
BEA,48,41,HARD,92.262,92.53133333333334,,,,,,
BEA,49,42,HARD,92.484,92.443,,,,,,
BEA,50,43,HARD,92.186,92.31066666666668,,,,,,
BOT,1,0,SOFT,,,,,,7.0,7.0,7.0
BOT,2,0,SOFT,98.474,98.474,,,,7.0,7.0,7.0
BOT,3,0,SOFT,96.966,97.72,,,,7.0,7.0,7.0
BOT,4,0,SOFT,96.417,97.28566666666666,,,,7.0,7.0,7.0
BOT,5,0,SOFT,96.244,96.54233333333333,,,,7.0,7.0,7.0
BOT,6,0,SOFT,96.225,96.29533333333332,,,,7.0,7.0,7.0
BOT,7,0,SOFT,133.58,108.68299999999999,,,,35.0,35.0,35.0
BOT,8,1,HARD,177.332,135.71233333333333,,,,35.0,35.0,35.0
BOT,9,2,HARD,141.83,150.91400000000002,,,,35.0,35.0,35.0
BOT,10,3,HARD,100.082,139.74800000000002,,,,35.0,35.0,35.0
BOT,11,4,HARD,96.456,112.78933333333333,,,,35.0,35.0,35.0
BOT,12,5,HARD,95.827,97.455,,,,35.0,35.0,35.0
BOT,13,6,HARD,95.447,95.91000000000001,,,,35.0,35.0,35.0
BOT,14,7,HARD,95.424,95.56599999999999,,,,35.0,35.0,35.0
BOT,15,8,HARD,95.721,95.53066666666666,,,,35.0,35.0,35.0
BOT,16,9,HARD,96.825,95.99000000000001,,,,35.0,35.0,35.0
BOT,17,10,HARD,97.238,96.59466666666667,,,,35.0,35.0,35.0
BOT,18,11,HARD,96.058,96.707,,,,35.0,35.0,35.0
BOT,19,12,HARD,95.828,96.37466666666667,,,,35.0,35.0,35.0
BOT,20,13,HARD,96.253,96.04633333333334,,,,35.0,35.0,35.0
BOT,21,14,HARD,96.801,96.294,,,,35.0,35.0,35.0
BOT,22,15,HARD,96.425,96.493,,,,35.0,35.0,35.0
BOT,23,16,HARD,96.251,96.49233333333332,,,,35.0,35.0,35.0
BOT,24,17,HARD,96.902,96.526,,,,35.0,35.0,35.0
BOT,25,18,HARD,95.619,96.25733333333334,,,,35.0,35.0,35.0
BOT,26,19,HARD,95.319,95.94666666666667,,,,35.0,35.0,35.0
BOT,27,20,HARD,95.254,95.39733333333334,,,,35.0,35.0,35.0
BOT,28,21,HARD,95.324,95.29899999999999,,,,35.0,35.0,35.0
BOT,29,22,HARD,94.857,95.145,,,,35.0,35.0,35.0
BOT,30,23,HARD,95.313,95.16466666666668,,,,35.0,35.0,35.0
BOT,31,24,HARD,95.415,95.19500000000001,,,,35.0,35.0,35.0
BOT,32,25,HARD,95.173,95.30033333333334,,,,35.0,35.0,35.0
BOT,33,26,HARD,95.792,95.46,,,,35.0,35.0,35.0
BOT,34,27,HARD,95.721,95.56200000000001,,,,35.0,35.0,35.0
BOT,35,0,HARD,97.864,96.459,,,,,,
BOT,36,1,SOFT,114.249,102.61133333333333,,,,,,
BOT,37,2,SOFT,93.08,101.731,,,,,,
BOT,38,3,SOFT,92.927,100.08533333333332,,,,,,
BOT,39,4,SOFT,93.028,93.01166666666667,,,,,,
BOT,40,5,SOFT,93.175,93.04333333333334,,,,,,
BOT,41,6,SOFT,93.194,93.13233333333334,,,,,,
BOT,42,7,SOFT,92.996,93.12166666666667,,,,,,
BOT,43,8,SOFT,93.068,93.086,,,,,,
BOT,44,9,SOFT,95.201,93.755,,,,,,
BOT,45,10,SOFT,92.903,93.724,,,,,,
BOT,46,11,SOFT,92.948,93.68400000000001,,,,,,
BOT,47,12,SOFT,92.852,92.901,,,,,,
BOT,48,13,SOFT,92.947,92.91566666666667,,,,,,
BOT,49,14,SOFT,92.706,92.835,,,,,,
GAS,1,0,MEDIUM,,,,,,,,
GAS,2,0,,,,,,,,,
HAM,1,0,MEDIUM,,,,,,36.0,36.0,36.0
HAM,2,0,MEDIUM,95.541,95.541,,,,36.0,36.0,36.0
HAM,3,0,MEDIUM,95.184,95.3625,,,,36.0,36.0,36.0
HAM,4,0,MEDIUM,95.672,95.46566666666666,,,,36.0,36.0,36.0
HAM,5,0,MEDIUM,95.107,95.32099999999998,,,,36.0,36.0,36.0
HAM,6,0,MEDIUM,95.077,95.28533333333333,,,,36.0,36.0,36.0
HAM,7,0,MEDIUM,128.128,106.104,,,,36.0,36.0,36.0
HAM,8,0,MEDIUM,173.631,132.27866666666668,,,,36.0,36.0,36.0
HAM,9,0,MEDIUM,159.191,153.65,,,,36.0,36.0,36.0
HAM,10,0,MEDIUM,95.257,142.693,,,,36.0,36.0,36.0
HAM,11,0,MEDIUM,94.334,116.26066666666668,,,,36.0,36.0,36.0
HAM,12,0,MEDIUM,94.018,94.53633333333335,,,,36.0,36.0,36.0
HAM,13,0,MEDIUM,95.312,94.55466666666666,,,,36.0,36.0,36.0
HAM,14,0,MEDIUM,94.341,94.557,,,,36.0,36.0,36.0
HAM,15,0,MEDIUM,95.355,95.00266666666666,,,,36.0,36.0,36.0
HAM,16,0,MEDIUM,94.435,94.71033333333332,,,,36.0,36.0,36.0
HAM,17,0,MEDIUM,94.811,94.867,,,,36.0,36.0,36.0
HAM,18,0,MEDIUM,94.307,94.51766666666667,,,,36.0,36.0,36.0
HAM,19,0,MEDIUM,94.524,94.54733333333333,,,,36.0,36.0,36.0
HAM,20,0,MEDIUM,94.225,94.35199999999999,,,,36.0,36.0,36.0
HAM,21,0,MEDIUM,94.016,94.255,,,,36.0,36.0,36.0
HAM,22,0,MEDIUM,94.419,94.21999999999998,,,,36.0,36.0,36.0
HAM,23,0,MEDIUM,94.041,94.15866666666666,,,,36.0,36.0,36.0
HAM,24,0,MEDIUM,94.025,94.16166666666668,,,,36.0,36.0,36.0
HAM,25,0,MEDIUM,93.532,93.866,,,,36.0,36.0,36.0
HAM,26,0,MEDIUM,93.518,93.69166666666666,,,,36.0,36.0,36.0
HAM,27,0,MEDIUM,93.918,93.656,,,,36.0,36.0,36.0
HAM,28,0,MEDIUM,93.56,93.66533333333332,,,,36.0,36.0,36.0
HAM,29,0,MEDIUM,93.567,93.68166666666667,,,,36.0,36.0,36.0
HAM,30,0,MEDIUM,93.354,93.49366666666667,,,,36.0,36.0,36.0
HAM,31,0,MEDIUM,93.384,93.435,,,,36.0,36.0,36.0
HAM,32,0,MEDIUM,93.406,93.38133333333333,,,,36.0,36.0,36.0
HAM,33,0,MEDIUM,93.36,93.38333333333333,,,,36.0,36.0,36.0
HAM,34,0,MEDIUM,93.693,93.48633333333333,,,,36.0,36.0,36.0
HAM,35,0,MEDIUM,93.742,93.59833333333334,,,,36.0,36.0,36.0
HAM,36,0,MEDIUM,95.967,94.46733333333333,,,,,,
HAM,37,1,SOFT,109.485,99.73133333333334,,,,,,
HAM,38,2,SOFT,91.746,99.06599999999999,,,,,,
HAM,39,3,SOFT,92.315,97.84866666666666,,,,,,
HAM,40,4,SOFT,92.37,92.14366666666666,,,,,,
HAM,41,5,SOFT,92.201,92.29533333333332,,,,,,
HAM,42,6,SOFT,92.027,92.19933333333334,,,,,,
HAM,43,7,SOFT,92.041,92.08966666666667,,,,,,
HAM,44,8,SOFT,92.232,92.10000000000001,,,,,,
HAM,45,9,SOFT,91.943,92.072,,,,,,
HAM,46,10,SOFT,93.036,92.40366666666667,,,,,,
HAM,47,11,SOFT,92.106,92.36166666666666,,,,,,
HAM,48,12,SOFT,92.381,92.50766666666668,,,,,,
HAM,49,13,SOFT,92.615,92.36733333333332,,,,,,
HAM,50,14,SOFT,93.314,92.77,,,,,,
HUL,1,0,MEDIUM,,,,,,33.0,33.0,33.0
HUL,2,0,MEDIUM,97.836,97.836,,,,33.0,33.0,33.0
HUL,3,0,MEDIUM,96.382,97.10900000000001,,,,33.0,33.0,33.0
HUL,4,0,MEDIUM,96.231,96.81633333333333,,,,33.0,33.0,33.0
HUL,5,0,MEDIUM,95.723,96.11200000000001,,,,33.0,33.0,33.0
HUL,6,0,MEDIUM,96.398,96.11733333333332,,,,33.0,33.0,33.0
HUL,7,0,MEDIUM,129.724,107.28166666666665,,,,33.0,33.0,33.0
HUL,8,0,MEDIUM,170.478,132.20000000000002,,,,33.0,33.0,33.0
HUL,9,0,MEDIUM,153.089,151.097,,,,33.0,33.0,33.0
HUL,10,0,MEDIUM,97.796,140.45433333333332,,,,33.0,33.0,33.0
HUL,11,0,MEDIUM,94.864,115.24966666666667,,,,33.0,33.0,33.0
HUL,12,0,MEDIUM,94.605,95.755,,,,33.0,33.0,33.0
HUL,13,0,MEDIUM,95.367,94.94533333333334,,,,33.0,33.0,33.0
HUL,14,0,MEDIUM,96.481,95.48433333333332,,,,33.0,33.0,33.0
HUL,15,0,MEDIUM,95.495,95.781,,,,33.0,33.0,33.0
HUL,16,0,MEDIUM,95.153,95.70966666666668,,,,33.0,33.0,33.0
HUL,17,0,MEDIUM,95.205,95.28433333333334,,,,33.0,33.0,33.0
HUL,18,0,MEDIUM,95.687,95.34833333333334,,,,33.0,33.0,33.0
HUL,19,0,MEDIUM,95.174,95.35533333333335,,,,33.0,33.0,33.0
HUL,20,0,MEDIUM,95.067,95.30933333333333,,,,33.0,33.0,33.0
HUL,21,0,MEDIUM,96.369,95.53666666666668,,,,33.0,33.0,33.0
HUL,22,0,MEDIUM,95.358,95.598,,,,33.0,33.0,33.0
HUL,23,0,MEDIUM,94.816,95.51433333333334,,,,33.0,33.0,33.0
HUL,24,0,MEDIUM,94.843,95.00566666666667,,,,33.0,33.0,33.0
HUL,25,0,MEDIUM,94.725,94.79466666666667,,,,33.0,33.0,33.0
HUL,26,0,MEDIUM,94.694,94.754,,,,33.0,33.0,33.0
HUL,27,0,MEDIUM,94.704,94.70766666666667,,,,33.0,33.0,33.0
HUL,28,0,MEDIUM,94.482,94.62666666666667,,,,33.0,33.0,33.0
HUL,29,0,MEDIUM,94.235,94.47366666666666,,,,33.0,33.0,33.0
HUL,30,0,MEDIUM,94.307,94.34133333333334,,,,33.0,33.0,33.0
HUL,31,0,MEDIUM,94.182,94.24133333333333,,,,33.0,33.0,33.0
HUL,32,0,MEDIUM,93.999,94.16266666666667,,,,33.0,33.0,33.0
HUL,33,0,MEDIUM,96.601,94.92733333333332,,,,,,
HUL,34,1,HARD,111.863,100.82099999999998,,,,,,
HUL,35,2,HARD,93.106,100.52333333333333,,,,,,
HUL,36,3,HARD,93.015,99.32799999999999,,,,,,
HUL,37,4,HARD,93.248,93.123,,,,,,
HUL,38,5,HARD,93.153,93.13866666666667,,,,,,
HUL,39,6,HARD,93.045,93.14866666666667,,,,,,
HUL,40,7,HARD,92.932,93.04333333333334,,,,,,
HUL,41,8,HARD,92.84,92.93900000000001,,,,,,
HUL,42,9,HARD,92.592,92.78800000000001,,,,,,
HUL,43,10,HARD,92.752,92.728,,,,,,
HUL,44,11,HARD,92.636,92.66000000000001,,,,,,
HUL,45,12,HARD,92.493,92.627,,,,,,
HUL,46,13,HARD,92.43,92.51966666666665,,,,,,
HUL,47,14,HARD,92.379,92.43400000000001,,,,,,
HUL,48,15,HARD,92.52,92.443,,,,,,
HUL,49,16,HARD,92.366,92.42166666666667,,,,,,
HUL,50,17,HARD,93.081,92.65566666666666,,,,,,
LEC,1,0,MEDIUM,,,,,,7.0,7.0,7.0
LEC,2,0,MEDIUM,94.179,94.179,,,,7.0,7.0,7.0
LEC,3,0,MEDIUM,94.549,94.364,,,,7.0,7.0,7.0
LEC,4,0,MEDIUM,95.213,94.647,,,,7.0,7.0,7.0
LEC,5,0,MEDIUM,94.382,94.71466666666667,,,,7.0,7.0,7.0
LEC,6,0,MEDIUM,94.244,94.613,,,,7.0,7.0,7.0
LEC,7,0,MEDIUM,124.831,104.48566666666666,,,,,,
LEC,8,1,HARD,186.406,135.16033333333334,,,,,,
LEC,9,2,HARD,158.648,156.62833333333333,,,,,,
LEC,10,3,HARD,96.082,147.04533333333333,,,,,,
LEC,11,4,HARD,94.443,116.391,,,,,,
LEC,12,5,HARD,93.599,94.70800000000001,,,,,,
LEC,13,6,HARD,94.627,94.223,,,,,,
LEC,14,7,HARD,94.039,94.08833333333332,,,,,,
LEC,15,8,HARD,94.225,94.29699999999998,,,,,,
LEC,16,9,HARD,94.033,94.099,,,,,,
LEC,17,10,HARD,94.073,94.11033333333334,,,,,,
LEC,18,11,HARD,94.142,94.08266666666667,,,,,,
LEC,19,12,HARD,93.94,94.05166666666666,,,,,,
LEC,20,13,HARD,93.949,94.01033333333334,,,,,,
LEC,21,14,HARD,93.722,93.87033333333333,,,,,,
LEC,22,15,HARD,93.702,93.791,,,,,,
LEC,23,16,HARD,93.602,93.67533333333334,,,,,,
LEC,24,17,HARD,93.511,93.605,,,,,,
LEC,25,18,HARD,93.136,93.41633333333334,,,,,,
LEC,26,19,HARD,93.51,93.38566666666667,,,,,,
LEC,27,20,HARD,93.151,93.26566666666668,,,,,,
LEC,28,21,HARD,93.202,93.28766666666667,,,,,,
LEC,29,22,HARD,93.305,93.21933333333334,,,,,,
LEC,30,23,HARD,92.863,93.12333333333333,,,,,,
LEC,31,24,HARD,92.606,92.92466666666667,,,,,,
LEC,32,25,HARD,92.959,92.80933333333333,,,,,,
LEC,33,26,HARD,93.064,92.87633333333333,,,,,,
LEC,34,27,HARD,93.097,93.04,,,,,,
LEC,35,28,HARD,93.013,93.05799999999999,,,,,,
LEC,36,29,HARD,92.915,93.00833333333333,,,,,,
LEC,37,30,HARD,92.674,92.86733333333335,,,,,,
LEC,38,31,HARD,92.632,92.74033333333334,,,,,,
LEC,39,32,HARD,92.722,92.676,,,,,,
LEC,40,33,HARD,92.282,92.54533333333332,,,,,,
LEC,41,34,HARD,92.504,92.50266666666666,,,,,,
LEC,42,35,HARD,92.66,92.48200000000001,,,,,,
LEC,43,36,HARD,92.556,92.57333333333334,,,,,,
LEC,44,37,HARD,92.679,92.63166666666666,,,,,,
LEC,45,38,HARD,92.552,92.59566666666667,,,,,,
LEC,46,39,HARD,92.052,92.42766666666667,,,,,,
LEC,47,40,HARD,92.029,92.21100000000001,,,,,,
LEC,48,41,HARD,93.364,92.48166666666667,,,,,,
LEC,49,42,HARD,91.931,92.44133333333333,,,,,,
LEC,50,43,HARD,91.632,92.30900000000001,,,,,,
MAG,1,0,MEDIUM,,,,,,7.0,7.0,7.0
MAG,2,0,MEDIUM,97.522,97.522,,,,7.0,7.0,7.0
MAG,3,0,MEDIUM,95.85,96.686,,,,7.0,7.0,7.0
MAG,4,0,MEDIUM,95.367,96.24633333333334,,,,7.0,7.0,7.0
MAG,5,0,MEDIUM,95.684,95.63366666666667,,,,7.0,7.0,7.0
MAG,6,0,MEDIUM,96.027,95.69266666666665,,,,7.0,7.0,7.0
MAG,7,0,MEDIUM,131.564,107.75833333333333,,,,,,
MAG,8,1,HARD,180.027,135.87266666666667,,,,,,
MAG,9,2,HARD,145.832,152.47433333333333,,,,,,
MAG,10,3,HARD,99.463,141.774,,,,,,
MAG,11,4,HARD,96.036,113.777,,,,,,
MAG,12,5,HARD,95.229,96.90933333333334,,,,,,
MAG,13,6,HARD,95.062,95.44233333333334,,,,,,
MAG,14,7,HARD,95.553,95.28133333333334,,,,,,
MAG,15,8,HARD,95.746,95.45366666666666,,,,,,
MAG,16,9,HARD,96.1,95.79966666666667,,,,,,
MAG,17,10,HARD,96.621,96.15566666666666,,,,,,
MAG,18,11,HARD,95.266,95.99566666666665,,,,,,
MAG,19,12,HARD,95.22,95.70233333333333,,,,,,
MAG,20,13,HARD,95.012,95.166,,,,,,
MAG,21,14,HARD,94.923,95.05166666666666,,,,,,
MAG,22,15,HARD,95.804,95.24633333333334,,,,,,
MAG,23,16,HARD,96.198,95.64166666666667,,,,,,
MAG,24,17,HARD,96.072,96.02466666666668,,,,,,
MAG,25,18,HARD,96.555,96.27499999999999,,,,,,
MAG,26,19,HARD,96.26,96.29566666666666,,,,,,
MAG,27,20,HARD,96.222,96.34566666666667,,,,,,
MAG,28,21,HARD,96.099,96.19366666666667,,,,,,
MAG,29,22,HARD,95.797,96.03933333333333,,,,,,
MAG,30,23,HARD,95.843,95.91300000000001,,,,,,
MAG,31,24,HARD,96.061,95.90033333333334,,,,,,
MAG,32,25,HARD,95.783,95.89566666666667,,,,,,
MAG,33,26,HARD,95.7,95.848,,,,,,
MAG,34,27,HARD,94.174,95.21900000000001,,,,,,
MAG,35,28,HARD,93.923,94.599,,,,,,
MAG,36,29,HARD,93.76,93.95233333333334,,,,,,
MAG,37,30,HARD,93.516,93.733,,,,,,
MAG,38,31,HARD,93.429,93.56833333333334,,,,,,
MAG,39,32,HARD,93.203,93.38266666666668,,,,,,
MAG,40,33,HARD,92.93,93.18733333333334,,,,,,
MAG,41,34,HARD,92.855,92.996,,,,,,
MAG,42,35,HARD,92.715,92.83333333333333,,,,,,
MAG,43,36,HARD,92.902,92.824,,,,,,
MAG,44,37,HARD,92.644,92.75366666666667,,,,,,
MAG,45,38,HARD,92.638,92.72800000000001,,,,,,
MAG,46,39,HARD,92.812,92.698,,,,,,
MAG,47,40,HARD,92.338,92.596,,,,,,
MAG,48,41,HARD,93.474,92.87466666666667,,,,,,
MAG,49,42,HARD,93.437,93.08300000000001,,,,,,
MAG,50,43,HARD,94.603,93.83800000000001,,,,,,
NOR,1,0,MEDIUM,,,,,,37.0,37.0,37.0
NOR,2,0,MEDIUM,95.246,95.246,,,,37.0,37.0,37.0
NOR,3,0,MEDIUM,95.079,95.1625,,,,37.0,37.0,37.0
NOR,4,0,MEDIUM,94.897,95.074,,,,37.0,37.0,37.0
NOR,5,0,MEDIUM,94.902,94.95933333333333,,,,37.0,37.0,37.0
NOR,6,0,MEDIUM,95.014,94.93766666666666,,,,37.0,37.0,37.0
NOR,7,0,MEDIUM,127.025,105.647,,,,37.0,37.0,37.0
NOR,8,0,MEDIUM,174.005,132.01466666666667,,,,37.0,37.0,37.0
NOR,9,0,MEDIUM,161.791,154.27366666666668,,,,37.0,37.0,37.0
NOR,10,0,MEDIUM,94.352,143.38266666666667,,,,37.0,37.0,37.0
NOR,11,0,MEDIUM,93.674,116.60566666666666,,,,37.0,37.0,37.0
NOR,12,0,MEDIUM,93.877,93.96766666666667,,,,37.0,37.0,37.0
NOR,13,0,MEDIUM,95.131,94.22733333333333,,,,37.0,37.0,37.0
NOR,14,0,MEDIUM,93.971,94.32633333333332,,,,37.0,37.0,37.0
NOR,15,0,MEDIUM,93.944,94.34866666666666,,,,37.0,37.0,37.0
NOR,16,0,MEDIUM,93.858,93.92433333333334,,,,37.0,37.0,37.0
NOR,17,0,MEDIUM,94.497,94.09966666666666,,,,37.0,37.0,37.0
NOR,18,0,MEDIUM,95.607,94.654,,,,37.0,37.0,37.0
NOR,19,0,MEDIUM,94.194,94.766,,,,37.0,37.0,37.0
NOR,20,0,MEDIUM,94.003,94.60133333333333,,,,37.0,37.0,37.0
NOR,21,0,MEDIUM,93.941,94.046,,,,37.0,37.0,37.0
NOR,22,0,MEDIUM,93.698,93.88066666666667,,,,37.0,37.0,37.0
NOR,23,0,MEDIUM,93.824,93.82099999999998,,,,37.0,37.0,37.0
NOR,24,0,MEDIUM,93.561,93.69433333333332,,,,37.0,37.0,37.0
NOR,25,0,MEDIUM,93.572,93.65233333333333,,,,37.0,37.0,37.0
NOR,26,0,MEDIUM,93.792,93.64166666666667,,,,37.0,37.0,37.0
NOR,27,0,MEDIUM,94.718,94.02733333333333,,,,37.0,37.0,37.0
NOR,28,0,MEDIUM,93.794,94.10133333333333,,,,37.0,37.0,37.0
NOR,29,0,MEDIUM,93.631,94.04766666666667,,,,37.0,37.0,37.0
NOR,30,0,MEDIUM,93.65,93.69166666666666,,,,37.0,37.0,37.0
NOR,31,0,MEDIUM,93.562,93.61433333333333,,,,37.0,37.0,37.0
NOR,32,0,MEDIUM,93.309,93.507,,,,37.0,37.0,37.0
NOR,33,0,MEDIUM,93.514,93.46166666666666,,,,37.0,37.0,37.0
NOR,34,0,MEDIUM,93.399,93.40733333333333,,,,37.0,37.0,37.0
NOR,35,0,MEDIUM,93.571,93.49466666666666,,,,37.0,37.0,37.0
NOR,36,0,MEDIUM,93.573,93.51433333333334,,,,37.0,37.0,37.0
NOR,37,0,MEDIUM,96.675,94.60633333333332,,,,,,
NOR,38,1,SOFT,110.849,100.36566666666666,,,,,,
NOR,39,2,SOFT,92.106,99.87666666666667,,,,,,
NOR,40,3,SOFT,91.944,98.29966666666667,,,,,,
NOR,41,4,SOFT,92.095,92.04833333333333,,,,,,
NOR,42,5,SOFT,92.202,92.08033333333333,,,,,,
NOR,43,6,SOFT,92.399,92.23200000000001,,,,,,
NOR,44,7,SOFT,92.151,92.25066666666667,,,,,,
NOR,45,8,SOFT,92.205,92.25166666666667,,,,,,
NOR,46,9,SOFT,92.502,92.286,,,,,,
NOR,47,10,SOFT,92.153,92.28666666666668,,,,,,
NOR,48,11,SOFT,92.369,92.34133333333334,,,,,,
NOR,49,12,SOFT,92.388,92.30333333333334,,,,,,
NOR,50,13,SOFT,92.841,92.53266666666667,,,,,,
OCO,1,0,MEDIUM,,,,,,7.0,7.0,7.0
OCO,2,0,MEDIUM,98.482,98.482,,,,7.0,7.0,7.0
OCO,3,0,MEDIUM,96.92,97.701,,,,7.0,7.0,7.0
OCO,4,0,MEDIUM,96.261,97.221,,,,7.0,7.0,7.0
OCO,5,0,MEDIUM,96.003,96.39466666666665,,,,7.0,7.0,7.0
OCO,6,0,MEDIUM,96.798,96.354,,,,7.0,7.0,7.0
OCO,7,0,MEDIUM,132.702,108.50099999999999,,,,,,
OCO,8,1,HARD,176.368,135.28933333333333,,,,,,
OCO,9,2,HARD,143.747,150.939,,,,,,
OCO,10,3,HARD,99.439,139.85133333333332,,,,,,
OCO,11,4,HARD,95.969,113.05166666666666,,,,,,
OCO,12,5,HARD,95.4,96.93599999999999,,,,,,
OCO,13,6,HARD,95.107,95.492,,,,,,
OCO,14,7,HARD,95.432,95.313,,,,,,
OCO,15,8,HARD,95.717,95.41866666666665,,,,,,
OCO,16,9,HARD,96.245,95.798,,,,,,
OCO,17,10,HARD,97.264,96.40866666666666,,,,,,
OCO,18,11,HARD,95.436,96.315,,,,,,
OCO,19,12,HARD,95.152,95.95066666666666,,,,,,
OCO,20,13,HARD,95.02,95.20266666666667,,,,,,
OCO,21,14,HARD,94.925,95.03233333333333,,,,,,
OCO,22,15,HARD,95.218,95.05433333333333,,,,,,
OCO,23,16,HARD,96.216,95.45299999999999,,,,,,
OCO,24,17,HARD,96.124,95.85266666666666,,,,,,
OCO,25,18,HARD,96.373,96.23766666666666,,,,,,
OCO,26,19,HARD,96.331,96.276,,,,,,
OCO,27,20,HARD,96.399,96.36766666666666,,,,,,
OCO,28,21,HARD,95.884,96.20466666666668,,,,,,
OCO,29,22,HARD,95.305,95.86266666666667,,,,,,
OCO,30,23,HARD,96.117,95.76866666666668,,,,,,
OCO,31,24,HARD,95.912,95.778,,,,,,
OCO,32,25,HARD,95.709,95.91266666666667,,,,,,
OCO,33,26,HARD,95.753,95.79133333333334,,,,,,
OCO,34,27,HARD,94.087,95.18299999999999,,,,,,
OCO,35,28,HARD,94.061,94.63366666666667,,,,,,
OCO,36,29,HARD,93.799,93.98233333333333,,,,,,
OCO,37,30,HARD,93.81,93.89,,,,,,
OCO,38,31,HARD,93.845,93.818,,,,,,
OCO,39,32,HARD,94.047,93.90066666666667,,,,,,
OCO,40,33,HARD,93.716,93.86933333333333,,,,,,
OCO,41,34,HARD,93.711,93.82466666666666,,,,,,
OCO,42,35,HARD,93.633,93.68666666666667,,,,,,
OCO,43,36,HARD,94.59,93.978,,,,,,
OCO,44,37,HARD,93.871,94.03133333333334,,,,,,
OCO,45,38,HARD,93.643,94.03466666666667,,,,,,
OCO,46,39,HARD,93.757,93.757,,,,,,
OCO,47,40,HARD,95.294,94.23133333333334,,,,,,
OCO,48,41,HARD,93.481,94.17733333333332,,,,,,
OCO,49,42,HARD,93.813,94.19599999999998,,,,,,
PER,1,0,MEDIUM,,,,,,7.0,7.0,7.0
PER,2,0,MEDIUM,94.515,94.515,,,,7.0,7.0,7.0
PER,3,0,MEDIUM,94.055,94.285,,,,7.0,7.0,7.0
PER,4,0,MEDIUM,94.046,94.20533333333333,,,,7.0,7.0,7.0
PER,5,0,MEDIUM,94.085,94.06200000000001,,,,7.0,7.0,7.0
PER,6,0,MEDIUM,93.842,93.991,,,,7.0,7.0,7.0
PER,7,0,MEDIUM,124.615,104.18066666666665,,,,,,
PER,8,1,HARD,187.369,135.27533333333335,,,,,,
PER,9,2,HARD,158.896,156.96,,,,,,
PER,10,3,HARD,96.005,147.42333333333332,,,,,,
PER,11,4,HARD,93.859,116.25333333333333,,,,,,
PER,12,5,HARD,93.93,94.598,,,,,,
PER,13,6,HARD,94.053,93.94733333333333,,,,,,
PER,14,7,HARD,93.814,93.93233333333335,,,,,,
PER,15,8,HARD,93.45,93.77233333333334,,,,,,
PER,16,9,HARD,93.536,93.60000000000001,,,,,,
PER,17,10,HARD,94.169,93.71833333333332,,,,,,
PER,18,11,HARD,93.282,93.66233333333332,,,,,,
PER,19,12,HARD,93.545,93.66533333333332,,,,,,
PER,20,13,HARD,93.377,93.40133333333334,,,,,,
PER,21,14,HARD,93.132,93.35133333333333,,,,,,
PER,22,15,HARD,93.064,93.19099999999999,,,,,,
PER,23,16,HARD,92.97,93.05533333333334,,,,,,
PER,24,17,HARD,92.795,92.943,,,,,,
PER,25,18,HARD,93.029,92.93133333333333,,,,,,
PER,26,19,HARD,92.75,92.858,,,,,,
PER,27,20,HARD,92.734,92.83766666666666,,,,,,
PER,28,21,HARD,92.968,92.81733333333334,,,,,,
PER,29,22,HARD,92.671,92.791,,,,,,
PER,30,23,HARD,92.782,92.807,,,,,,
PER,31,24,HARD,92.825,92.75933333333334,,,,,,
PER,32,25,HARD,92.506,92.70433333333334,,,,,,
PER,33,26,HARD,92.564,92.63166666666666,,,,,,
PER,34,27,HARD,92.631,92.56700000000001,,,,,,
PER,35,28,HARD,92.418,92.53766666666667,,,,,,
PER,36,29,HARD,92.363,92.47066666666667,,,,,,
PER,37,30,HARD,92.273,92.35133333333333,,,,,,
PER,38,31,HARD,92.711,92.449,,,,,,
PER,39,32,HARD,92.35,92.44466666666666,,,,,,
PER,40,33,HARD,92.72,92.59366666666666,,,,,,
PER,41,34,HARD,92.48,92.51666666666667,,,,,,
PER,42,35,HARD,92.433,92.54433333333334,,,,,,
PER,43,36,HARD,92.392,92.435,,,,,,
PER,44,37,HARD,92.441,92.42200000000001,,,,,,
PER,45,38,HARD,92.562,92.46499999999999,,,,,,
PER,46,39,HARD,92.481,92.49466666666666,,,,,,
PER,47,40,HARD,92.832,92.625,,,,,,
PER,48,41,HARD,92.514,92.609,,,,,,
PER,49,42,HARD,93.029,92.79166666666667,,,,,,
PER,50,43,HARD,92.831,92.79133333333334,,,,,,
PIA,1,0,MEDIUM,,,,,,7.0,7.0,7.0
PIA,2,0,MEDIUM,95.082,95.082,,,,7.0,7.0,7.0
PIA,3,0,MEDIUM,94.379,94.7305,,,,7.0,7.0,7.0
PIA,4,0,MEDIUM,94.589,94.68333333333334,,,,7.0,7.0,7.0
PIA,5,0,MEDIUM,94.557,94.50833333333333,,,,7.0,7.0,7.0
PIA,6,0,MEDIUM,94.409,94.51833333333333,,,,7.0,7.0,7.0
PIA,7,0,MEDIUM,126.72,105.22866666666668,,,,,,
PIA,8,1,HARD,184.373,135.16733333333335,,,,,,
PIA,9,2,HARD,156.398,155.83033333333333,,,,,,
PIA,10,3,HARD,96.768,145.84633333333332,,,,,,
PIA,11,4,HARD,94.448,115.87133333333333,,,,,,
PIA,12,5,HARD,93.946,95.05399999999999,,,,,,
PIA,13,6,HARD,94.34,94.24466666666666,,,,,,
PIA,14,7,HARD,94.431,94.23899999999999,,,,,,
PIA,15,8,HARD,94.309,94.36,,,,,,
PIA,16,9,HARD,94.379,94.373,,,,,,
PIA,17,10,HARD,95.057,94.58166666666666,,,,,,
PIA,18,11,HARD,94.075,94.50366666666667,,,,,,
PIA,19,12,HARD,94.631,94.58766666666668,,,,,,
PIA,20,13,HARD,94.324,94.34333333333332,,,,,,
PIA,21,14,HARD,93.793,94.24933333333333,,,,,,
PIA,22,15,HARD,94.76,94.29233333333333,,,,,,
PIA,23,16,HARD,93.715,94.08933333333334,,,,,,
PIA,24,17,HARD,94.097,94.19066666666667,,,,,,
PIA,25,18,HARD,93.694,93.83533333333332,,,,,,
PIA,26,19,HARD,93.312,93.70100000000001,,,,,,
PIA,27,20,HARD,93.998,93.668,,,,,,
PIA,28,21,HARD,93.527,93.61233333333332,,,,,,
PIA,29,22,HARD,93.821,93.782,,,,,,
PIA,30,23,HARD,93.376,93.57466666666666,,,,,,
PIA,31,24,HARD,93.352,93.51633333333332,,,,,,
PIA,32,25,HARD,93.261,93.32966666666668,,,,,,
PIA,33,26,HARD,93.29,93.301,,,,,,
PIA,34,27,HARD,93.405,93.31866666666667,,,,,,
PIA,35,28,HARD,94.118,93.60433333333333,,,,,,
PIA,36,29,HARD,93.029,93.51733333333334,,,,,,
PIA,37,30,HARD,92.934,93.36033333333334,,,,,,
PIA,38,31,HARD,93.087,93.01666666666667,,,,,,
PIA,39,32,HARD,92.675,92.89866666666667,,,,,,
PIA,40,33,HARD,92.603,92.78833333333334,,,,,,
PIA,41,34,HARD,92.545,92.60766666666666,,,,,,
PIA,42,35,HARD,92.453,92.53366666666666,,,,,,
PIA,43,36,HARD,92.521,92.50633333333333,,,,,,
PIA,44,37,HARD,92.539,92.50433333333335,,,,,,
PIA,45,38,HARD,92.31,92.45666666666666,,,,,,
PIA,46,39,HARD,92.557,92.46866666666666,,,,,,
PIA,47,40,HARD,92.574,92.48033333333335,,,,,,
PIA,48,41,HARD,92.657,92.596,,,,,,
PIA,49,42,HARD,92.588,92.60633333333332,,,,,,
PIA,50,43,HARD,92.769,92.67133333333334,,,,,,
RIC,1,0,MEDIUM,,,,,,7.0,7.0,7.0
RIC,2,0,MEDIUM,98.035,98.035,,,,7.0,7.0,7.0
RIC,3,0,MEDIUM,96.766,97.4005,,,,7.0,7.0,7.0
RIC,4,0,MEDIUM,96.271,97.024,,,,7.0,7.0,7.0
RIC,5,0,MEDIUM,95.699,96.24533333333333,,,,7.0,7.0,7.0
RIC,6,0,MEDIUM,95.847,95.93900000000001,,,,7.0,7.0,7.0
RIC,7,0,MEDIUM,132.474,108.00666666666666,,,,,,
RIC,8,1,HARD,193.712,140.67766666666665,,,,,,
RIC,9,2,HARD,129.998,152.06133333333332,,,,,,
RIC,10,3,HARD,99.99,141.23333333333332,,,,,,
RIC,11,4,HARD,96.819,108.93566666666668,,,,,,
RIC,12,5,HARD,96.095,97.63466666666666,,,,,,
RIC,13,6,HARD,96.337,96.41699999999999,,,,,,
RIC,14,7,HARD,95.606,96.01266666666668,,,,,,
RIC,15,8,HARD,95.466,95.803,,,,,,
RIC,16,9,HARD,95.805,95.62566666666667,,,,,,
RIC,17,10,HARD,96.267,95.846,,,,,,
RIC,18,11,HARD,96.093,96.055,,,,,,
RIC,19,12,HARD,95.853,96.07099999999998,,,,,,
RIC,20,13,HARD,96.073,96.00633333333333,,,,,,
RIC,21,14,HARD,96.779,96.235,,,,,,
RIC,22,15,HARD,96.433,96.42833333333333,,,,,,
RIC,23,16,HARD,95.855,96.35566666666666,,,,,,
RIC,24,17,HARD,94.935,95.741,,,,,,
RIC,25,18,HARD,94.739,95.17633333333333,,,,,,
RIC,26,19,HARD,94.973,94.88233333333334,,,,,,
RIC,27,20,HARD,95.648,95.12,,,,,,
RIC,28,21,HARD,95.285,95.302,,,,,,
RIC,29,22,HARD,95.649,95.52733333333333,,,,,,
RIC,30,23,HARD,95.608,95.51400000000001,,,,,,
RIC,31,24,HARD,95.433,95.56333333333333,,,,,,
RIC,32,25,HARD,95.804,95.61500000000001,,,,,,
RIC,33,26,HARD,95.753,95.66333333333334,,,,,,
RIC,34,27,HARD,95.25,95.60233333333333,,,,,,
RIC,35,28,HARD,94.658,95.22033333333333,,,,,,
RIC,36,29,HARD,94.92,94.94266666666665,,,,,,
RIC,37,30,HARD,94.125,94.56766666666665,,,,,,
RIC,38,31,HARD,93.821,94.28866666666666,,,,,,
RIC,39,32,HARD,93.974,93.97333333333334,,,,,,
RIC,40,33,HARD,93.494,93.76299999999999,,,,,,
RIC,41,34,HARD,94.574,94.01400000000001,,,,,,
RIC,42,35,HARD,95.812,94.62666666666667,,,,,,
RIC,43,36,HARD,93.705,94.697,,,,,,
RIC,44,37,HARD,93.436,94.31766666666665,,,,,,
RIC,45,38,HARD,93.75,93.63033333333334,,,,,,
RIC,46,39,HARD,93.4,93.52866666666667,,,,,,
RIC,47,40,HARD,93.323,93.491,,,,,,
RIC,48,41,HARD,103.781,96.83466666666668,,,,,,
RIC,49,42,HARD,95.536,97.54666666666667,,,,,,
RUS,1,0,MEDIUM,,,,,,7.0,7.0,7.0
RUS,2,0,MEDIUM,95.146,95.146,,,,7.0,7.0,7.0
RUS,3,0,MEDIUM,95.219,95.1825,,,,7.0,7.0,7.0
RUS,4,0,MEDIUM,95.033,95.13266666666668,,,,7.0,7.0,7.0
RUS,5,0,MEDIUM,95.15,95.134,,,,7.0,7.0,7.0
RUS,6,0,MEDIUM,95.06,95.081,,,,7.0,7.0,7.0
RUS,7,0,MEDIUM,128.836,106.34866666666669,,,,,,
RUS,8,1,HARD,183.576,135.82399999999998,,,,,,
RUS,9,2,HARD,151.48,154.63066666666666,,,,,,
RUS,10,3,HARD,97.943,144.333,,,,,,
RUS,11,4,HARD,95.048,114.82366666666667,,,,,,
RUS,12,5,HARD,94.488,95.82633333333332,,,,,,
RUS,13,6,HARD,95.082,94.87266666666666,,,,,,
RUS,14,7,HARD,94.379,94.64966666666668,,,,,,
RUS,15,8,HARD,94.803,94.75466666666667,,,,,,
RUS,16,9,HARD,94.638,94.60666666666667,,,,,,
RUS,17,10,HARD,94.907,94.78266666666667,,,,,,
RUS,18,11,HARD,94.559,94.70133333333332,,,,,,
RUS,19,12,HARD,94.395,94.62033333333333,,,,,,
RUS,20,13,HARD,94.457,94.47033333333333,,,,,,
RUS,21,14,HARD,94.144,94.332,,,,,,
RUS,22,15,HARD,94.264,94.28833333333334,,,,,,
RUS,23,16,HARD,94.099,94.169,,,,,,
RUS,24,17,HARD,94.256,94.20633333333335,,,,,,
RUS,25,18,HARD,94.077,94.144,,,,,,
RUS,26,19,HARD,93.737,94.02333333333333,,,,,,
RUS,27,20,HARD,93.571,93.795,,,,,,
RUS,28,21,HARD,93.775,93.69433333333332,,,,,,
RUS,29,22,HARD,93.643,93.66300000000001,,,,,,
RUS,30,23,HARD,93.631,93.68299999999999,,,,,,
RUS,31,24,HARD,93.565,93.613,,,,,,
RUS,32,25,HARD,93.39,93.52866666666667,,,,,,
RUS,33,26,HARD,93.32,93.425,,,,,,
RUS,34,27,HARD,93.309,93.33966666666667,,,,,,
RUS,35,28,HARD,93.081,93.23666666666666,,,,,,
RUS,36,29,HARD,93.125,93.17166666666667,,,,,,
RUS,37,30,HARD,93.258,93.15466666666667,,,,,,
RUS,38,31,HARD,93.018,93.13366666666667,,,,,,
RUS,39,32,HARD,92.607,92.961,,,,,,
RUS,40,33,HARD,92.487,92.704,,,,,,
RUS,41,34,HARD,92.458,92.51733333333334,,,,,,
RUS,42,35,HARD,92.254,92.39966666666668,,,,,,
RUS,43,36,HARD,92.499,92.40366666666667,,,,,,
RUS,44,37,HARD,92.571,92.44133333333333,,,,,,
RUS,45,38,HARD,92.573,92.54766666666666,,,,,,
RUS,46,39,HARD,92.64,92.59466666666667,,,,,,
RUS,47,40,HARD,92.494,92.569,,,,,,
RUS,48,41,HARD,92.88,92.67133333333334,,,,,,
RUS,49,42,HARD,92.68,92.68466666666666,,,,,,
RUS,50,43,HARD,95.145,93.56833333333333,,,,,,
SAR,1,0,MEDIUM,,,,,,7.0,7.0,7.0
SAR,2,0,MEDIUM,98.418,98.418,,,,7.0,7.0,7.0
SAR,3,0,MEDIUM,96.871,97.6445,,,,7.0,7.0,7.0
SAR,4,0,MEDIUM,96.544,97.27766666666666,,,,7.0,7.0,7.0
SAR,5,0,MEDIUM,96.204,96.53966666666666,,,,7.0,7.0,7.0
SAR,6,0,MEDIUM,96.203,96.31700000000001,,,,7.0,7.0,7.0
SAR,7,0,MEDIUM,134.35,108.919,,,,,,
SAR,8,1,HARD,177.288,135.947,,,,,,
SAR,9,2,HARD,141.181,150.93966666666668,,,,,,
SAR,10,3,HARD,100.141,139.53666666666666,,,,,,
SAR,11,4,HARD,96.468,112.59666666666668,,,,,,
SAR,12,5,HARD,95.642,97.41699999999999,,,,,,
SAR,13,6,HARD,95.751,95.95366666666666,,,,,,
SAR,14,7,HARD,95.207,95.53333333333335,,,,,,
SAR,15,8,HARD,95.601,95.51966666666665,,,,,,
SAR,16,9,HARD,96.062,95.62333333333333,,,,,,
SAR,17,10,HARD,96.336,95.99966666666667,,,,,,
SAR,18,11,HARD,96.039,96.14566666666667,,,,,,
SAR,19,12,HARD,95.361,95.91199999999999,,,,,,
SAR,20,13,HARD,95.251,95.55033333333334,,,,,,
SAR,21,14,HARD,95.082,95.23133333333334,,,,,,
SAR,22,15,HARD,95.601,95.31133333333332,,,,,,
SAR,23,16,HARD,95.016,95.233,,,,,,
SAR,24,17,HARD,95.133,95.25,,,,,,
SAR,25,18,HARD,96.539,95.56266666666666,,,,,,
SAR,26,19,HARD,96.497,96.05633333333333,,,,,,
SAR,27,20,HARD,96.198,96.41133333333333,,,,,,
SAR,28,21,HARD,95.886,96.19366666666667,,,,,,
SAR,29,22,HARD,96.047,96.04366666666665,,,,,,
SAR,30,23,HARD,95.75,95.89433333333334,,,,,,
SAR,31,24,HARD,95.879,95.892,,,,,,
SAR,32,25,HARD,95.897,95.842,,,,,,
SAR,33,26,HARD,95.7,95.82533333333333,,,,,,
SAR,34,27,HARD,94.843,95.48,,,,,,
SAR,35,28,HARD,94.716,95.08633333333334,,,,,,
SAR,36,29,HARD,94.576,94.71166666666666,,,,,,
SAR,37,30,HARD,94.228,94.50666666666666,,,,,,
SAR,38,31,HARD,93.763,94.18900000000001,,,,,,
SAR,39,32,HARD,93.97,93.98700000000001,,,,,,
SAR,40,33,HARD,93.547,93.75999999999999,,,,,,
SAR,41,34,HARD,93.838,93.78500000000001,,,,,,
SAR,42,35,HARD,93.648,93.67766666666667,,,,,,
SAR,43,36,HARD,93.766,93.75066666666667,,,,,,
SAR,44,37,HARD,95.215,94.20966666666668,,,,,,
SAR,45,38,HARD,94.077,94.35266666666666,,,,,,
SAR,46,39,HARD,94.141,94.47766666666666,,,,,,
SAR,47,40,HARD,93.718,93.97866666666668,,,,,,
SAR,48,41,HARD,93.383,93.74733333333334,,,,,,
SAR,49,42,HARD,93.026,93.37566666666667,,,,,,
STR,1,0,MEDIUM,,,,,,,,
STR,2,0,MEDIUM,96.094,96.094,,,,,,
STR,3,0,MEDIUM,95.79,95.94200000000001,,,,,,
STR,4,0,MEDIUM,95.735,95.873,,,,,,
STR,5,0,MEDIUM,95.56,95.69500000000001,,,,,,
STR,6,0,,,95.69500000000001,,,,,,
TSU,1,0,MEDIUM,,,,,,7.0,7.0,7.0
TSU,2,0,MEDIUM,96.873,96.873,,,,7.0,7.0,7.0
TSU,3,0,MEDIUM,95.703,96.28800000000001,,,,7.0,7.0,7.0
TSU,4,0,MEDIUM,95.378,95.98466666666667,,,,7.0,7.0,7.0
TSU,5,0,MEDIUM,95.589,95.55666666666667,,,,7.0,7.0,7.0
TSU,6,0,MEDIUM,96.275,95.74733333333334,,,,7.0,7.0,7.0
TSU,7,0,MEDIUM,130.914,107.59266666666667,,,,,,
TSU,8,1,HARD,179.562,135.58366666666666,,,,,,
TSU,9,2,HARD,147.896,152.79066666666665,,,,,,
TSU,10,3,HARD,99.222,142.22666666666666,,,,,,
TSU,11,4,HARD,95.738,114.28533333333333,,,,,,
TSU,12,5,HARD,95.263,96.741,,,,,,
TSU,13,6,HARD,95.325,95.44200000000001,,,,,,
TSU,14,7,HARD,95.575,95.38766666666668,,,,,,
TSU,15,8,HARD,95.952,95.61733333333332,,,,,,
TSU,16,9,HARD,95.995,95.84066666666666,,,,,,
TSU,17,10,HARD,97.603,96.51666666666667,,,,,,
TSU,18,11,HARD,95.367,96.32166666666667,,,,,,
TSU,19,12,HARD,95.146,96.03866666666666,,,,,,
TSU,20,13,HARD,95.06,95.19099999999999,,,,,,
TSU,21,14,HARD,94.71,94.972,,,,,,
TSU,22,15,HARD,95.698,95.15599999999999,,,,,,
TSU,23,16,HARD,96.285,95.56433333333332,,,,,,
TSU,24,17,HARD,95.882,95.955,,,,,,
TSU,25,18,HARD,96.548,96.23833333333334,,,,,,
TSU,26,19,HARD,96.662,96.36399999999999,,,,,,
TSU,27,20,HARD,96.093,96.43433333333333,,,,,,
TSU,28,21,HARD,95.668,96.141,,,,,,
TSU,29,22,HARD,96.731,96.164,,,,,,
TSU,30,23,HARD,96.041,96.14666666666666,,,,,,
TSU,31,24,HARD,95.939,96.23700000000001,,,,,,
TSU,32,25,HARD,95.694,95.89133333333332,,,,,,
TSU,33,26,HARD,96.118,95.91699999999999,,,,,,
TSU,34,27,HARD,94.768,95.52666666666666,,,,,,
TSU,35,28,HARD,94.781,95.22233333333334,,,,,,
TSU,36,29,HARD,94.358,94.63566666666668,,,,,,
TSU,37,30,HARD,94.233,94.45733333333334,,,,,,
TSU,38,31,HARD,93.961,94.18400000000001,,,,,,
TSU,39,32,HARD,93.894,94.02933333333334,,,,,,
TSU,40,33,HARD,93.601,93.81866666666667,,,,,,
TSU,41,34,HARD,93.731,93.742,,,,,,
TSU,42,35,HARD,93.623,93.65166666666666,,,,,,
TSU,43,36,HARD,93.767,93.707,,,,,,
TSU,44,37,HARD,93.523,93.63766666666668,,,,,,
TSU,45,38,HARD,93.644,93.64466666666665,,,,,,
TSU,46,39,HARD,94.961,94.04266666666666,,,,,,
TSU,47,40,HARD,93.525,94.04333333333334,,,,,,
TSU,48,41,HARD,93.84,94.10866666666668,,,,,,
TSU,49,42,HARD,93.56,93.64166666666667,,,,,,
VER,1,0,MEDIUM,,,,,,7.0,7.0,7.0
VER,2,0,MEDIUM,94.205,94.205,,,,7.0,7.0,7.0
VER,3,0,MEDIUM,94.043,94.124,,,,7.0,7.0,7.0
VER,4,0,MEDIUM,93.754,94.00066666666667,,,,7.0,7.0,7.0
VER,5,0,MEDIUM,93.955,93.91733333333333,,,,7.0,7.0,7.0
VER,6,0,MEDIUM,93.676,93.795,,,,7.0,7.0,7.0
VER,7,0,MEDIUM,122.919,103.51666666666667,,,,,,
VER,8,1,HARD,189.083,135.226,,,,,,
VER,9,2,HARD,160.995,157.66566666666668,,,,,,
VER,10,3,HARD,95.024,148.36733333333333,,,,,,
VER,11,4,HARD,93.61,116.543,,,,,,
VER,12,5,HARD,93.321,93.985,,,,,,
VER,13,6,HARD,93.144,93.35833333333333,,,,,,
VER,14,7,HARD,93.194,93.21966666666667,,,,,,
VER,15,8,HARD,93.512,93.28333333333335,,,,,,
VER,16,9,HARD,93.192,93.29933333333334,,,,,,
VER,17,10,HARD,93.059,93.25433333333332,,,,,,
VER,18,11,HARD,93.139,93.13,,,,,,
VER,19,12,HARD,93.135,93.11099999999999,,,,,,
VER,20,13,HARD,93.066,93.11333333333334,,,,,,
VER,21,14,HARD,92.933,93.04466666666667,,,,,,
VER,22,15,HARD,92.98,92.99300000000001,,,,,,
VER,23,16,HARD,92.792,92.90166666666669,,,,,,
VER,24,17,HARD,92.683,92.81833333333334,,,,,,
VER,25,18,HARD,92.785,92.75333333333333,,,,,,
VER,26,19,HARD,92.561,92.67633333333333,,,,,,
VER,27,20,HARD,92.722,92.68933333333332,,,,,,
VER,28,21,HARD,92.674,92.65233333333333,,,,,,
VER,29,22,HARD,92.752,92.71600000000001,,,,,,
VER,30,23,HARD,92.601,92.67566666666666,,,,,,
VER,31,24,HARD,92.454,92.60233333333333,,,,,,
VER,32,25,HARD,92.545,92.53333333333335,,,,,,
VER,33,26,HARD,92.309,92.43599999999999,,,,,,
VER,34,27,HARD,92.558,92.47066666666667,,,,,,
VER,35,28,HARD,92.536,92.46766666666667,,,,,,
VER,36,29,HARD,92.413,92.50233333333334,,,,,,
VER,37,30,HARD,92.412,92.45366666666666,,,,,,
VER,38,31,HARD,92.296,92.37366666666667,,,,,,
VER,39,32,HARD,91.995,92.23433333333334,,,,,,
VER,40,33,HARD,92.555,92.282,,,,,,
VER,41,34,HARD,92.491,92.347,,,,,,
VER,42,35,HARD,93.013,92.68633333333334,,,,,,
VER,43,36,HARD,93.123,92.87566666666667,,,,,,
VER,44,37,HARD,92.377,92.83766666666668,,,,,,
VER,45,38,HARD,93.01,92.83666666666666,,,,,,
VER,46,39,HARD,92.889,92.75866666666667,,,,,,
VER,47,40,HARD,92.784,92.89433333333334,,,,,,
VER,48,41,HARD,92.563,92.74533333333333,,,,,,
VER,49,42,HARD,92.163,92.50333333333333,,,,,,
VER,50,43,HARD,91.773,92.16633333333334,,,,,,
ZHO,1,0,MEDIUM,,,,,,41.0,41.0,41.0
ZHO,2,0,MEDIUM,98.539,98.539,,,,41.0,41.0,41.0
ZHO,3,0,MEDIUM,97.232,97.88550000000001,,,,41.0,41.0,41.0
ZHO,4,0,MEDIUM,96.526,97.43233333333335,,,,41.0,41.0,41.0
ZHO,5,0,MEDIUM,96.238,96.66533333333332,,,,41.0,41.0,41.0
ZHO,6,0,MEDIUM,97.072,96.61200000000001,,,,41.0,41.0,41.0
ZHO,7,0,MEDIUM,132.76,108.69,,,,41.0,41.0,41.0
ZHO,8,0,MEDIUM,166.499,132.11033333333333,,,,41.0,41.0,41.0
ZHO,9,0,MEDIUM,149.482,149.58033333333333,,,,41.0,41.0,41.0
ZHO,10,0,MEDIUM,98.417,138.13266666666667,,,,41.0,41.0,41.0
ZHO,11,0,MEDIUM,95.695,114.53133333333334,,,,41.0,41.0,41.0
ZHO,12,0,MEDIUM,94.998,96.37,,,,41.0,41.0,41.0
ZHO,13,0,MEDIUM,95.355,95.34933333333333,,,,41.0,41.0,41.0
ZHO,14,0,MEDIUM,96.658,95.67033333333335,,,,41.0,41.0,41.0
ZHO,15,0,MEDIUM,96.053,96.022,,,,41.0,41.0,41.0
ZHO,16,0,MEDIUM,96.065,96.25866666666667,,,,41.0,41.0,41.0
ZHO,17,0,MEDIUM,95.882,96.0,,,,41.0,41.0,41.0
ZHO,18,0,MEDIUM,95.466,95.80433333333333,,,,41.0,41.0,41.0
ZHO,19,0,MEDIUM,95.407,95.585,,,,41.0,41.0,41.0
ZHO,20,0,MEDIUM,95.087,95.32,,,,41.0,41.0,41.0
ZHO,21,0,MEDIUM,95.399,95.29766666666667,,,,41.0,41.0,41.0
ZHO,22,0,MEDIUM,95.158,95.21466666666667,,,,41.0,41.0,41.0
ZHO,23,0,MEDIUM,95.296,95.28433333333334,,,,41.0,41.0,41.0
ZHO,24,0,MEDIUM,95.145,95.19966666666666,,,,41.0,41.0,41.0
ZHO,25,0,MEDIUM,95.145,95.19533333333334,,,,41.0,41.0,41.0
ZHO,26,0,MEDIUM,95.036,95.10866666666668,,,,41.0,41.0,41.0
ZHO,27,0,MEDIUM,95.002,95.06099999999999,,,,41.0,41.0,41.0
ZHO,28,0,MEDIUM,94.879,94.97233333333334,,,,41.0,41.0,41.0
ZHO,29,0,MEDIUM,94.99,94.957,,,,41.0,41.0,41.0
ZHO,30,0,MEDIUM,94.885,94.918,,,,41.0,41.0,41.0
ZHO,31,0,MEDIUM,94.8,94.89166666666667,,,,41.0,41.0,41.0
ZHO,32,0,MEDIUM,94.631,94.772,,,,41.0,41.0,41.0
ZHO,33,0,MEDIUM,94.679,94.70333333333333,,,,41.0,41.0,41.0
ZHO,34,0,MEDIUM,94.65,94.65333333333335,,,,41.0,41.0,41.0
ZHO,35,0,MEDIUM,94.405,94.57800000000002,,,,41.0,41.0,41.0
ZHO,36,0,MEDIUM,94.282,94.44566666666667,,,,41.0,41.0,41.0
ZHO,37,0,MEDIUM,94.132,94.27300000000001,,,,41.0,41.0,41.0
ZHO,38,0,MEDIUM,93.914,94.10933333333332,,,,41.0,41.0,41.0
ZHO,39,0,MEDIUM,93.915,93.98700000000001,,,,41.0,41.0,41.0
ZHO,40,0,MEDIUM,93.736,93.855,,,,41.0,41.0,41.0
ZHO,41,0,MEDIUM,96.379,94.67666666666668,,,,,,
ZHO,42,1,SOFT,137.392,109.169,,,,,,
ZHO,43,2,SOFT,93.047,108.93933333333332,,,,,,
ZHO,44,3,SOFT,92.77,107.73633333333333,,,,,,
ZHO,45,4,SOFT,92.857,92.89133333333332,,,,,,
ZHO,46,5,SOFT,92.874,92.83366666666666,,,,,,
ZHO,47,6,SOFT,93.207,92.97933333333333,,,,,,
ZHO,48,7,SOFT,92.761,92.94733333333333,,,,,,
ZHO,49,8,SOFT,92.208,92.72533333333332,,,,,,
