driver_id,lap_number,stint_lap,compound,last_lap_time_s,rolling_lap_time_s,gap_ahead_s,gap_behind_s,position,pit_window_start_lap,pit_window_end_lap,pit_window_center_lap,pit_stop_proba
ALB,1,0,HARD,,,,,,7.0,7.0,7.0,0.9657549822821957
ALB,2,0,HARD,89.828,89.828,,,,7.0,7.0,7.0,0.23967235169859957
ALB,3,0,HARD,88.892,89.36,,,,7.0,7.0,7.0,0.24347506239619027
ALB,4,0,HARD,88.916,89.21199999999999,,,,7.0,7.0,7.0,0.24502203437291994
ALB,5,0,HARD,88.583,88.79699999999998,,,,7.0,7.0,7.0,0.24896992880514707
ALB,6,0,HARD,88.381,88.62666666666667,,,,7.0,7.0,7.0,0.25053292226031976
ALB,7,0,HARD,109.685,95.54966666666668,,,,32.0,32.0,32.0,0.20416504779712072
ALB,8,1,MEDIUM,134.429,110.83166666666666,,,,32.0,32.0,32.0,0.12234445943141868
ALB,9,2,MEDIUM,141.373,128.49566666666666,,,,32.0,32.0,32.0,0.05656636369764147
ALB,10,3,MEDIUM,130.916,135.57266666666666,,,,32.0,32.0,32.0,0.040432171291132864
ALB,11,4,MEDIUM,88.247,120.17866666666669,,,,32.0,32.0,32.0,0.07938407186843562
ALB,12,5,MEDIUM,88.305,102.48933333333332,,,,32.0,32.0,32.0,0.20355986602727374
ALB,13,6,MEDIUM,88.153,88.23500000000001,,,,32.0,32.0,32.0,0.3845745183329108
ALB,14,7,MEDIUM,87.671,88.043,,,,32.0,32.0,32.0,0.41062745960495095
ALB,15,8,MEDIUM,87.841,87.88833333333334,,,,32.0,32.0,32.0,0.43759070657622323
ALB,16,9,MEDIUM,87.648,87.71999999999998,,,,32.0,32.0,32.0,0.46460450007732973
ALB,17,10,MEDIUM,87.683,87.724,,,,32.0,32.0,32.0,0.48975195986388526
ALB,18,11,MEDIUM,87.609,87.64666666666666,,,,32.0,32.0,32.0,0.5159284134764394
ALB,19,12,MEDIUM,87.552,87.61466666666666,,,,32.0,32.0,32.0,0.5414147913966821
ALB,20,13,MEDIUM,87.586,87.58233333333334,,,,32.0,32.0,32.0,0.5668177191804574
ALB,21,14,MEDIUM,87.617,87.585,,,,32.0,32.0,32.0,0.5913990608519171
ALB,22,15,MEDIUM,87.74,87.64766666666667,,,,32.0,32.0,32.0,0.6148640894479995
ALB,23,16,MEDIUM,87.57,87.64233333333334,,,,32.0,32.0,32.0,0.6382974744828425
ALB,24,17,MEDIUM,87.534,87.61466666666666,,,,32.0,32.0,32.0,0.6615399957414332
ALB,25,18,MEDIUM,87.38,87.49466666666666,,,,32.0,32.0,32.0,0.684994384271528
ALB,26,19,MEDIUM,87.431,87.44833333333334,,,,32.0,32.0,32.0,0.7069333086686215
ALB,27,20,MEDIUM,87.343,87.38466666666666,,,,32.0,32.0,32.0,0.7279860380393419
ALB,28,21,MEDIUM,87.511,87.42833333333333,,,,32.0,32.0,32.0,0.7472115315166272
ALB,29,22,MEDIUM,87.41,87.42133333333334,,,,32.0,32.0,32.0,0.7657482752221314
ALB,30,23,MEDIUM,87.373,87.43133333333333,,,,32.0,32.0,32.0,0.783220833553483
ALB,31,24,MEDIUM,87.123,87.302,,,,32.0,32.0,32.0,0.8007783321665283
ALB,32,0,MEDIUM,91.241,88.57900000000001,,,,,,,0.2540970379439019
ALB,33,1,MEDIUM,108.167,95.51033333333334,,,,,,,0.21993503614664298
ALB,34,2,MEDIUM,85.421,94.943,,,,,,,0.22050330081481004
ALB,35,3,MEDIUM,85.658,93.082,,,,,,,0.2579064486369739
ALB,36,4,MEDIUM,85.891,85.65666666666668,,,,,,,0.36793538034797774
ALB,37,5,MEDIUM,86.097,85.882,,,,,,,0.3889753210853472
ALB,38,6,MEDIUM,85.841,85.943,,,,,,,0.4120184505608519
ALB,39,7,MEDIUM,85.943,85.96033333333332,,,,,,,0.4365517765342479
ALB,40,8,MEDIUM,85.875,85.88633333333333,,,,,,,0.4624242415181551
ALB,41,9,MEDIUM,85.757,85.85833333333333,,,,,,,0.4877894938680606
ALB,42,10,MEDIUM,85.61,85.74733333333334,,,,,,,0.5143316536310052
ALB,43,11,MEDIUM,85.617,85.66133333333335,,,,,,,0.5406645082632633
ALB,44,12,MEDIUM,85.582,85.603,,,,,,,0.5663352006691698
ALB,45,13,MEDIUM,85.427,85.54199999999999,,,,,,,0.591526067266019
ALB,46,14,MEDIUM,85.68,85.563,,,,,,,0.6157126210308559
ALB,47,15,MEDIUM,85.236,85.44766666666668,,,,,,,0.6401784882969087
ALB,48,16,MEDIUM,85.328,85.41466666666668,,,,,,,0.6635924754143209
ALB,49,17,MEDIUM,85.184,85.24933333333333,,,,,,,0.6875269140760549
ALB,50,18,MEDIUM,85.03,85.18066666666667,,,,,,,0.7093808269756342
ALB,51,19,MEDIUM,84.792,85.002,,,,,,,0.7314173520581758
ALB,52,20,MEDIUM,84.866,84.896,,,,,,,0.7519418506527537
ALB,53,21,MEDIUM,84.593,84.75033333333333,,,,,,,0.7714303830754271
ALB,54,22,MEDIUM,84.584,84.681,,,,,,,0.7893583610579983
ALB,55,23,MEDIUM,84.704,84.627,,,,,,,0.8062143331502752
ALB,56,24,MEDIUM,84.412,84.56666666666666,,,,,,,0.8217347945906183
ALB,57,25,MEDIUM,84.261,84.459,,,,,,,0.8367347610188834
ALO,1,0,MEDIUM,,,,,,7.0,7.0,7.0,0.9657549822821957
ALO,2,0,MEDIUM,88.246,88.246,,,,7.0,7.0,7.0,0.254390105950968
ALO,3,0,MEDIUM,88.081,88.1635,,,,7.0,7.0,7.0,0.255084725828949
ALO,4,0,MEDIUM,87.928,88.085,,,,7.0,7.0,7.0,0.25575114667640797
ALO,5,0,MEDIUM,87.867,87.95866666666666,,,,7.0,7.0,7.0,0.25702681469611294
ALO,6,0,MEDIUM,87.726,87.84033333333333,,,,7.0,7.0,7.0,0.25813428074195716
ALO,7,0,MEDIUM,105.813,93.802,,,,32.0,32.0,32.0,0.2166845330476947
ALO,8,1,MEDIUM,138.694,110.74433333333332,,,,32.0,32.0,32.0,0.12550132345403062
ALO,9,2,MEDIUM,141.052,128.51966666666667,,,,32.0,32.0,32.0,0.056397994598383724
ALO,10,3,MEDIUM,137.487,139.07766666666666,,,,32.0,32.0,32.0,0.03473028197568947
ALO,11,4,MEDIUM,87.797,122.112,,,,32.0,32.0,32.0,0.07169124458811868
ALO,12,5,MEDIUM,87.486,104.25666666666666,,,,32.0,32.0,32.0,0.18735481023563774
ALO,13,6,MEDIUM,87.724,87.669,,,,32.0,32.0,32.0,0.39148292534412665
ALO,14,7,MEDIUM,87.628,87.61266666666667,,,,32.0,32.0,32.0,0.416381732737456
ALO,15,8,MEDIUM,87.604,87.652,,,,32.0,32.0,32.0,0.4405016136693848
ALO,16,9,MEDIUM,87.386,87.53933333333333,,,,32.0,32.0,32.0,0.46673851137826844
ALO,17,10,MEDIUM,87.571,87.52033333333333,,,,32.0,32.0,32.0,0.4924284312446325
ALO,18,11,MEDIUM,87.38,87.44566666666667,,,,32.0,32.0,32.0,0.5183996188548373
ALO,19,12,MEDIUM,87.457,87.46933333333334,,,,32.0,32.0,32.0,0.5432903321205044
ALO,20,13,MEDIUM,87.325,87.38733333333333,,,,32.0,32.0,32.0,0.5691195282028199
ALO,21,14,MEDIUM,87.367,87.383,,,,32.0,32.0,32.0,0.5937730110685627
ALO,22,15,MEDIUM,87.313,87.335,,,,32.0,32.0,32.0,0.6184082901509346
ALO,23,16,MEDIUM,87.191,87.29033333333332,,,,32.0,32.0,32.0,0.6423178672830139
ALO,24,17,MEDIUM,86.939,87.14766666666667,,,,32.0,32.0,32.0,0.6665896255042285
ALO,25,18,MEDIUM,87.15,87.09333333333332,,,,32.0,32.0,32.0,0.6895187771879534
ALO,26,19,MEDIUM,87.738,87.27566666666667,,,,32.0,32.0,32.0,0.7092815848575154
ALO,27,20,MEDIUM,86.459,87.11566666666666,,,,32.0,32.0,32.0,0.7299549778433365
ALO,28,21,MEDIUM,86.248,86.815,,,,32.0,32.0,32.0,0.7522763974823748
ALO,29,22,MEDIUM,85.973,86.22666666666667,,,,32.0,32.0,32.0,0.77605922760765
ALO,30,23,MEDIUM,85.851,86.024,,,,32.0,32.0,32.0,0.7948300228468278
ALO,31,24,MEDIUM,85.869,85.89766666666667,,,,32.0,32.0,32.0,0.8118803024515365
ALO,32,0,MEDIUM,90.639,87.45299999999999,,,,,,,0.26550029582645235
ALO,33,1,HARD,109.189,95.23233333333332,,,,,,,0.22360909299146628
ALO,34,2,HARD,86.64,95.48933333333332,,,,,,,0.21648850227293667
ALO,35,3,HARD,86.043,93.95733333333334,,,,,,,0.24909351371868194
ALO,36,4,HARD,85.663,86.11533333333334,,,,,,,0.361714915647582
ALO,37,5,HARD,86.02,85.90866666666666,,,,,,,0.38851846240359766
ALO,38,6,HARD,85.712,85.79833333333333,,,,,,,0.41379443164564855
ALO,39,7,HARD,85.886,85.87266666666666,,,,,,,0.4376736999760962
ALO,40,8,HARD,85.544,85.714,,,,,,,0.46434402206268477
ALO,41,9,HARD,88.674,86.70133333333332,,,,,,,0.48019794973943225
ALO,42,10,HARD,86.052,86.75666666666666,,,,,,,0.5009067904479453
ALO,43,11,HARD,85.575,86.76700000000001,,,,,,,0.5252756446518302
ALO,44,12,HARD,85.336,85.65433333333334,,,,,,,0.5652895955854674
ALO,45,13,HARD,85.175,85.36200000000001,,,,,,,0.593601442789409
ALO,46,14,HARD,84.787,85.09933333333333,,,,,,,0.6206123420773109
ALO,47,15,HARD,84.691,84.88433333333334,,,,,,,0.6466680247937429
ALO,48,16,HARD,84.99,84.82266666666668,,,,,,,0.6704902273257526
ALO,49,17,HARD,84.506,84.729,,,,,,,0.6929012902634912
ALO,50,18,HARD,84.717,84.73766666666667,,,,,,,0.7140791770928522
ALO,51,19,HARD,84.815,84.67933333333333,,,,,,,0.7349589980912895
ALO,52,20,HARD,84.268,84.60000000000001,,,,,,,0.7543760491265432
ALO,53,21,HARD,84.151,84.41133333333333,,,,,,,0.7743047777919306
ALO,54,22,HARD,84.07,84.163,,,,,,,0.7936385571568797
ALO,55,23,HARD,86.439,84.88666666666666,,,,,,,0.8054924145288009
ALO,56,24,HARD,84.361,84.95666666666666,,,,,,,0.8184871094060144
ALO,57,25,HARD,83.94,84.91333333333334,,,,,,,0.8329944676797324
ANT,1,0,MEDIUM,,,,,,7.0,7.0,7.0,0.9657549822821957
ANT,2,0,MEDIUM,87.953,87.953,,,,7.0,7.0,7.0,0.25718036463989685
ANT,3,0,MEDIUM,87.737,87.845,,,,7.0,7.0,7.0,0.25809646049549784
ANT,4,0,MEDIUM,87.48,87.72333333333334,,,,7.0,7.0,7.0,0.25911613172236264
ANT,5,0,MEDIUM,87.505,87.574,,,,7.0,7.0,7.0,0.2607436434043519
ANT,6,0,MEDIUM,87.305,87.43,,,,7.0,7.0,7.0,0.2620731458513643
ANT,7,0,MEDIUM,103.942,92.91733333333332,,,,32.0,32.0,32.0,0.22331779454734152
ANT,8,1,MEDIUM,142.348,111.19833333333334,,,,32.0,32.0,32.0,0.12500340822346673
ANT,9,2,MEDIUM,140.912,129.06733333333332,,,,32.0,32.0,32.0,0.05475511142884604
ANT,10,3,MEDIUM,138.427,140.56233333333333,,,,32.0,32.0,32.0,0.03222797597589604
ANT,11,4,MEDIUM,87.485,122.27466666666668,,,,32.0,32.0,32.0,0.07097365008499051
ANT,12,5,MEDIUM,87.33,104.414,,,,32.0,32.0,32.0,0.18589001697178617
ANT,13,6,MEDIUM,87.005,87.27333333333333,,,,32.0,32.0,32.0,0.3957692851783811
ANT,14,7,MEDIUM,86.878,87.07099999999998,,,,32.0,32.0,32.0,0.4226926749221584
ANT,15,8,MEDIUM,87.361,87.08133333333335,,,,32.0,32.0,32.0,0.448009264176748
ANT,16,9,MEDIUM,87.033,87.09066666666666,,,,32.0,32.0,32.0,0.472464377466294
ANT,17,10,MEDIUM,86.994,87.12933333333335,,,,32.0,32.0,32.0,0.4970540463664874
ANT,18,11,MEDIUM,87.021,87.016,,,,32.0,32.0,32.0,0.5238638458459788
ANT,19,12,MEDIUM,86.617,86.87733333333334,,,,32.0,32.0,32.0,0.550280496675108
ANT,20,13,MEDIUM,86.509,86.71566666666666,,,,32.0,32.0,32.0,0.5771395640862458
ANT,21,14,MEDIUM,86.522,86.54933333333334,,,,32.0,32.0,32.0,0.6037767529555882
ANT,22,15,MEDIUM,86.748,86.593,,,,32.0,32.0,32.0,0.6273635224720062
ANT,23,16,MEDIUM,86.735,86.66833333333334,,,,32.0,32.0,32.0,0.6496492939314393
ANT,24,17,MEDIUM,86.626,86.70300000000002,,,,32.0,32.0,32.0,0.6716800425229776
ANT,25,18,MEDIUM,86.608,86.65633333333334,,,,32.0,32.0,32.0,0.6940529634515303
ANT,26,19,MEDIUM,86.574,86.60266666666666,,,,32.0,32.0,32.0,0.7156078338831257
ANT,27,20,MEDIUM,86.425,86.53566666666666,,,,32.0,32.0,32.0,0.7362386972558437
ANT,28,21,MEDIUM,86.554,86.51766666666667,,,,32.0,32.0,32.0,0.7556709866775956
ANT,29,22,MEDIUM,86.365,86.448,,,,32.0,32.0,32.0,0.7742983889039741
ANT,30,23,MEDIUM,88.262,87.06033333333333,,,,32.0,32.0,32.0,0.7875548554390932
ANT,31,24,MEDIUM,86.25,86.959,,,,32.0,32.0,32.0,0.8030261571436811
ANT,32,0,MEDIUM,90.776,88.42933333333333,,,,,,,0.25517833452033395
ANT,33,1,HARD,108.921,95.31566666666669,,,,,,,0.22254086305333634
ANT,34,2,HARD,85.173,94.95666666666666,,,,,,,0.22013066318283286
ANT,35,3,HARD,84.738,92.944,,,,,,,0.2583783144965945
ANT,36,4,HARD,84.755,84.88866666666667,,,,,,,0.3764244180170303
ANT,37,5,HARD,84.389,84.62733333333334,,,,,,,0.4033736500258092
ANT,38,6,HARD,84.429,84.52433333333333,,,,,,,0.42932206831989395
ANT,39,7,HARD,84.651,84.48966666666666,,,,,,,0.45497710275419595
ANT,40,8,HARD,84.464,84.51466666666666,,,,,,,0.4794641618339207
ANT,41,9,HARD,84.416,84.51033333333334,,,,,,,0.5046560420403526
ANT,42,10,HARD,84.395,84.425,,,,,,,0.5309863324057575
ANT,43,11,HARD,84.308,84.373,,,,,,,0.5565945581571288
ANT,44,12,HARD,84.411,84.37133333333334,,,,,,,0.581485754814568
ANT,45,13,HARD,84.315,84.34466666666667,,,,,,,0.6060315922637025
ANT,46,14,HARD,84.147,84.291,,,,,,,0.6303089624004093
ANT,47,15,HARD,84.176,84.21266666666666,,,,,,,0.6545084018402808
ANT,48,16,HARD,84.032,84.11833333333334,,,,,,,0.6779133301404143
ANT,49,17,HARD,84.453,84.22033333333333,,,,,,,0.6988341914075382
ANT,50,18,HARD,84.076,84.187,,,,,,,0.7195669146533917
ANT,51,19,HARD,84.122,84.217,,,,,,,0.7391874958193838
ANT,52,20,HARD,83.975,84.05766666666666,,,,,,,0.7596271173075899
ANT,53,21,HARD,84.037,84.04466666666667,,,,,,,0.777742326753786
ANT,54,22,HARD,84.074,84.02866666666667,,,,,,,0.794865105482121
ANT,55,23,HARD,83.955,84.022,,,,,,,0.8107737746132564
ANT,56,24,HARD,86.977,85.002,,,,,,,0.8203112880620217
ANT,57,25,HARD,86.166,85.69933333333334,,,,,,,0.8286165690254329
BEA,1,0,MEDIUM,,,,,,7.0,7.0,7.0,0.9657549822821957
BEA,2,0,MEDIUM,89.227,89.227,,,,7.0,7.0,7.0,0.24519413414629238
BEA,3,0,MEDIUM,88.95,89.08850000000001,,,,7.0,7.0,7.0,0.24633271904426957
BEA,4,0,MEDIUM,88.572,88.91633333333334,,,,7.0,7.0,7.0,0.24771740421740351
BEA,5,0,MEDIUM,88.363,88.62833333333333,,,,7.0,7.0,7.0,0.2504963030118303
BEA,6,0,MEDIUM,87.786,88.24033333333334,,,,7.0,7.0,7.0,0.25395486196012107
BEA,7,0,MEDIUM,108.904,95.01766666666668,,,,32.0,32.0,32.0,0.20829025219664116
BEA,8,1,MEDIUM,135.37,110.68666666666668,,,,32.0,32.0,32.0,0.12379273109234099
BEA,9,2,MEDIUM,140.719,128.331,,,,32.0,32.0,32.0,0.05685843306712342
BEA,10,3,MEDIUM,133.887,136.65866666666668,,,,32.0,32.0,32.0,0.038773062545799195
BEA,11,4,MEDIUM,88.174,120.92666666666666,,,,32.0,32.0,32.0,0.0763625842710985
BEA,12,5,MEDIUM,87.958,103.33966666666667,,,,32.0,32.0,32.0,0.19567796717389863
BEA,13,6,MEDIUM,87.66,87.93066666666668,,,,32.0,32.0,32.0,0.38792982380739177
BEA,14,7,MEDIUM,87.641,87.753,,,,32.0,32.0,32.0,0.4145012476800049
BEA,15,8,MEDIUM,87.871,87.724,,,,32.0,32.0,32.0,0.4398868229353225
BEA,16,9,MEDIUM,87.573,87.695,,,,32.0,32.0,32.0,0.46484499903730414
BEA,17,10,MEDIUM,87.551,87.665,,,,32.0,32.0,32.0,0.4903859976316681
BEA,18,11,MEDIUM,87.617,87.58033333333333,,,,32.0,32.0,32.0,0.5168625318964577
BEA,19,12,MEDIUM,87.489,87.55233333333335,,,,32.0,32.0,32.0,0.542187993668815
BEA,20,13,MEDIUM,87.258,87.45466666666668,,,,32.0,32.0,32.0,0.56810618421349
BEA,21,14,MEDIUM,87.548,87.43166666666667,,,,32.0,32.0,32.0,0.5933669137996923
BEA,22,15,MEDIUM,87.095,87.30033333333334,,,,32.0,32.0,32.0,0.6185719074321139
BEA,23,16,MEDIUM,87.638,87.427,,,,32.0,32.0,32.0,0.6411510331650269
BEA,24,17,MEDIUM,87.196,87.30966666666666,,,,32.0,32.0,32.0,0.6649061949164947
BEA,25,18,MEDIUM,87.506,87.44666666666667,,,,32.0,32.0,32.0,0.685725233502508
BEA,26,19,MEDIUM,87.291,87.331,,,,32.0,32.0,32.0,0.7081213420593643
BEA,27,20,MEDIUM,87.437,87.41133333333333,,,,32.0,32.0,32.0,0.7277975239048478
BEA,28,21,MEDIUM,87.698,87.47533333333332,,,,32.0,32.0,32.0,0.7469174286837875
BEA,29,22,MEDIUM,87.255,87.46333333333332,,,,32.0,32.0,32.0,0.7651702559084164
BEA,30,23,MEDIUM,87.04,87.331,,,,32.0,32.0,32.0,0.783848119696828
BEA,31,24,MEDIUM,86.817,87.03733333333332,,,,32.0,32.0,32.0,0.8028450759735918
BEA,32,0,MEDIUM,91.094,88.31700000000001,,,,40.0,40.0,40.0,0.25671381521024966
BEA,33,1,HARD,125.025,100.97866666666664,,,,40.0,40.0,40.0,0.18619197279706196
BEA,34,2,HARD,84.93,100.34966666666666,,,,40.0,40.0,40.0,0.17268733393362348
BEA,35,3,HARD,85.533,98.496,,,,40.0,40.0,40.0,0.20437470902644528
BEA,36,4,HARD,85.581,85.348,,,,40.0,40.0,40.0,0.37153199351761995
BEA,37,5,HARD,85.451,85.52166666666666,,,,40.0,40.0,40.0,0.3928812909040376
BEA,38,6,HARD,85.577,85.53633333333333,,,,40.0,40.0,40.0,0.41715266119659516
BEA,39,7,HARD,85.337,85.455,,,,40.0,40.0,40.0,0.4426387633697996
BEA,40,0,HARD,90.153,87.02233333333334,,,,,,,0.26966109139361916
BEA,41,1,HARD,121.134,98.87466666666668,,,,,,,0.20103556998502115
BEA,42,2,,,98.87466666666668,,,,,,,0.12274144076578948
BOR,1,0,MEDIUM,,,,,,7.0,7.0,7.0,0.9657549822821957
BOR,2,0,MEDIUM,89.881,89.881,,,,7.0,7.0,7.0,0.23918951407877537
BOR,3,0,MEDIUM,88.921,89.40100000000001,,,,7.0,7.0,7.0,0.24308492026205925
BOR,4,0,MEDIUM,88.869,89.22366666666666,,,,7.0,7.0,7.0,0.24485249191002956
BOR,5,0,MEDIUM,88.669,88.81966666666666,,,,7.0,7.0,7.0,0.2488251606482604
BOR,6,0,MEDIUM,88.605,88.71433333333334,,,,7.0,7.0,7.0,0.24985537946132444
BOR,7,0,MEDIUM,110.552,95.942,,,,32.0,32.0,32.0,0.20142761248666513
BOR,8,1,MEDIUM,133.875,111.01066666666668,,,,32.0,32.0,32.0,0.120943026104458
BOR,9,2,MEDIUM,141.483,128.63666666666668,,,,32.0,32.0,32.0,0.05618176631921027
BOR,10,3,MEDIUM,129.409,134.92233333333334,,,,32.0,32.0,32.0,0.04151947980750569
BOR,11,4,MEDIUM,88.925,119.939,,,,32.0,32.0,32.0,0.08065020545239643
BOR,12,5,MEDIUM,88.373,102.23566666666666,,,,32.0,32.0,32.0,0.20592345573763776
BOR,13,6,MEDIUM,88.247,88.515,,,,32.0,32.0,32.0,0.38101555960624256
BOR,14,7,MEDIUM,87.914,88.178,,,,32.0,32.0,32.0,0.409142198722886
BOR,15,8,MEDIUM,87.805,87.98866666666667,,,,32.0,32.0,32.0,0.4361654346811384
BOR,16,9,MEDIUM,87.729,87.81599999999999,,,,32.0,32.0,32.0,0.4633888925162476
BOR,17,10,MEDIUM,87.744,87.75933333333334,,,,32.0,32.0,32.0,0.4893466601779977
BOR,18,11,MEDIUM,87.465,87.646,,,,32.0,32.0,32.0,0.5157335048715088
BOR,19,12,MEDIUM,87.773,87.66066666666666,,,,32.0,32.0,32.0,0.5410900922612761
BOR,20,13,MEDIUM,87.704,87.64733333333334,,,,32.0,32.0,32.0,0.5660930350879882
BOR,21,14,MEDIUM,87.562,87.67966666666666,,,,32.0,32.0,32.0,0.5900486270891931
BOR,22,15,MEDIUM,87.864,87.71,,,,32.0,32.0,32.0,0.6142083414829846
BOR,23,16,MEDIUM,87.577,87.66766666666666,,,,32.0,32.0,32.0,0.6379807841855901
BOR,24,17,MEDIUM,88.015,87.81866666666667,,,,32.0,32.0,32.0,0.6596043604428024
BOR,25,18,MEDIUM,87.582,87.72466666666666,,,,32.0,32.0,32.0,0.6824718798749565
BOR,26,19,MEDIUM,87.896,87.831,,,,32.0,32.0,32.0,0.7030490784257257
BOR,27,20,MEDIUM,87.398,87.62533333333333,,,,32.0,32.0,32.0,0.7253854068523776
BOR,28,21,MEDIUM,87.622,87.63866666666667,,,,32.0,32.0,32.0,0.7451117360712972
BOR,29,22,MEDIUM,87.794,87.60466666666666,,,,32.0,32.0,32.0,0.7643043692620749
BOR,30,23,MEDIUM,87.682,87.69933333333334,,,,32.0,32.0,32.0,0.7809756398088398
BOR,31,24,MEDIUM,87.179,87.55166666666666,,,,32.0,32.0,32.0,0.7986014761135872
BOR,32,0,MEDIUM,91.602,88.82100000000001,,,,,,,0.25193660232030163
BOR,33,1,SOFT,108.03,95.60366666666668,,,,,,,0.21891133172959776
BOR,34,2,SOFT,85.591,95.07433333333334,,,,,,,0.21941366767760034
BOR,35,3,SOFT,85.731,93.11733333333332,,,,,,,0.2576091818467724
BOR,36,4,SOFT,85.722,85.68133333333333,,,,,,,0.36739286259441456
BOR,37,5,SOFT,86.228,85.89366666666666,,,,,,,0.388997628976797
BOR,38,6,SOFT,86.246,86.06533333333333,,,,,,,0.41092504491893483
BOR,39,7,SOFT,86.126,86.2,,,,,,,0.4335258456394559
BOR,40,8,SOFT,86.028,86.13333333333333,,,,,,,0.45922143623879164
BOR,41,9,SOFT,86.139,86.09766666666667,,,,,,,0.48500076742695736
BOR,42,10,SOFT,85.853,86.00666666666666,,,,,,,0.5110671577438652
BOR,43,11,SOFT,85.946,85.97933333333333,,,,,,,0.5367267050035309
BOR,44,12,SOFT,85.911,85.90333333333332,,,,,,,0.5626815418399469
BOR,45,13,SOFT,85.736,85.86433333333333,,,,,,,0.5876057716555556
BOR,46,14,SOFT,85.676,85.77433333333333,,,,,,,0.6129180255522015
BOR,47,15,SOFT,85.94,85.78399999999999,,,,,,,0.6367765279127208
BOR,48,16,SOFT,85.765,85.79366666666665,,,,,,,0.6594207371949841
BOR,49,17,SOFT,85.815,85.83999999999999,,,,,,,0.6811935304536886
BOR,50,18,SOFT,86.061,85.88033333333334,,,,,,,0.7025055087602141
BOR,51,19,SOFT,86.028,85.968,,,,,,,0.7221260592852943
BOR,52,20,SOFT,85.98,86.02300000000001,,,,,,,0.741262602005027
BOR,53,21,SOFT,85.788,85.932,,,,,,,0.7608537359942197
BOR,54,22,SOFT,85.233,85.66699999999999,,,,,,,0.7807122707422466
BOR,55,23,SOFT,85.673,85.56466666666667,,,,,,,0.7988088004834315
BOR,56,24,SOFT,85.319,85.40833333333335,,,,,,,0.8155388257141931
BOR,57,25,SOFT,86.62,85.87066666666668,,,,,,,0.8276249816191479
COL,1,0,HARD,,,,,,7.0,7.0,7.0,0.9657549822821957
COL,2,0,HARD,90.394,90.394,,,,7.0,7.0,7.0,0.23455054466727523
COL,3,0,HARD,88.683,89.5385,,,,7.0,7.0,7.0,0.24143085341794257
COL,4,0,HARD,88.758,89.27833333333335,,,,7.0,7.0,7.0,0.2441735513282316
COL,5,0,HARD,88.89,88.777,,,,7.0,7.0,7.0,0.24950453828259445
COL,6,0,HARD,88.866,88.83800000000001,,,,7.0,7.0,7.0,0.24884332994019898
COL,7,0,HARD,110.372,96.04266666666666,,,,32.0,32.0,32.0,0.20036333052341104
COL,8,1,MEDIUM,134.63,111.28933333333332,,,,32.0,32.0,32.0,0.11975348121207152
COL,9,2,MEDIUM,141.235,128.74566666666666,,,,32.0,32.0,32.0,0.055786460269615555
COL,10,3,MEDIUM,128.541,134.802,,,,32.0,32.0,32.0,0.04159017854329254
COL,11,4,MEDIUM,89.282,119.686,,,,32.0,32.0,32.0,0.08185355347503118
COL,12,5,MEDIUM,88.55,102.12433333333333,,,,32.0,32.0,32.0,0.20710438516201335
COL,13,6,MEDIUM,88.38,88.73733333333332,,,,32.0,32.0,32.0,0.3782765522075301
COL,14,7,MEDIUM,88.167,88.36566666666666,,,,32.0,32.0,32.0,0.4069640599163608
COL,15,8,MEDIUM,88.027,88.19133333333333,,,,32.0,32.0,32.0,0.4337006285503117
COL,16,9,MEDIUM,87.879,88.02433333333333,,,,32.0,32.0,32.0,0.46071600339444113
COL,17,10,MEDIUM,87.746,87.884,,,,32.0,32.0,32.0,0.4876142914770945
COL,18,11,MEDIUM,87.691,87.772,,,,32.0,32.0,32.0,0.5143008780215812
COL,19,12,MEDIUM,87.825,87.754,,,,32.0,32.0,32.0,0.5398721599943332
COL,20,13,MEDIUM,87.646,87.72066666666667,,,,32.0,32.0,32.0,0.5650084278244737
COL,21,14,MEDIUM,87.59,87.68700000000001,,,,32.0,32.0,32.0,0.5899882660540258
COL,22,15,MEDIUM,87.612,87.616,,,,32.0,32.0,32.0,0.615109691592407
COL,23,16,MEDIUM,87.777,87.65966666666667,,,,32.0,32.0,32.0,0.6383458838502754
COL,24,17,MEDIUM,87.705,87.698,,,,32.0,32.0,32.0,0.6607175067477651
COL,25,18,MEDIUM,87.42,87.634,,,,32.0,32.0,32.0,0.6833663675377983
COL,26,19,MEDIUM,88.413,87.846,,,,32.0,32.0,32.0,0.7034872424429253
COL,27,20,MEDIUM,87.396,87.743,,,,32.0,32.0,32.0,0.7240755287686909
COL,28,21,MEDIUM,87.402,87.73700000000001,,,,32.0,32.0,32.0,0.7438321009541449
COL,29,22,MEDIUM,87.398,87.39866666666667,,,,32.0,32.0,32.0,0.7659624758373876
COL,30,23,MEDIUM,87.358,87.38600000000001,,,,32.0,32.0,32.0,0.7836348448391302
COL,31,24,MEDIUM,87.257,87.33766666666668,,,,32.0,32.0,32.0,0.8005826698846201
COL,32,0,MEDIUM,91.355,88.65666666666668,,,,,,,0.25340035010587925
COL,33,1,MEDIUM,108.719,95.777,,,,,,,0.21793080485923919
COL,34,2,MEDIUM,85.825,95.29966666666668,,,,,,,0.2174974421488065
COL,35,3,MEDIUM,86.502,93.682,,,,,,,0.25246482369045986
COL,36,4,MEDIUM,85.831,86.05266666666667,,,,,,,0.36274171095268753
COL,37,5,MEDIUM,85.745,86.026,,,,,,,0.38659651352510355
COL,38,6,MEDIUM,85.899,85.825,,,,,,,0.41369164103458395
COL,39,7,MEDIUM,85.948,85.86399999999999,,,,,,,0.43787916190506904
COL,40,8,MEDIUM,86.153,86.0,,,,,,,0.46124280797659806
COL,41,9,MEDIUM,86.201,86.10066666666667,,,,,,,0.4850469479709721
COL,42,10,MEDIUM,85.855,86.06966666666666,,,,,,,0.5101930432594723
COL,43,11,MEDIUM,85.797,85.95100000000001,,,,,,,0.5369088019465731
COL,44,12,MEDIUM,86.349,86.00033333333333,,,,,,,0.5619637130981786
COL,45,13,MEDIUM,85.865,86.00366666666666,,,,,,,0.5859013942495285
COL,46,14,MEDIUM,85.892,86.03533333333333,,,,,,,0.6097549114098253
COL,47,15,MEDIUM,85.985,85.91399999999999,,,,,,,0.6351591533984864
COL,48,16,MEDIUM,85.839,85.90533333333333,,,,,,,0.6581168916520218
COL,49,17,MEDIUM,85.726,85.85000000000001,,,,,,,0.6809627788187612
COL,50,18,MEDIUM,85.683,85.74933333333333,,,,,,,0.703580949134455
COL,51,19,MEDIUM,85.771,85.72666666666667,,,,,,,0.7245244140356261
COL,52,20,MEDIUM,85.644,85.69933333333334,,,,,,,0.7443426550485261
COL,53,21,MEDIUM,85.967,85.794,,,,,,,0.7624337887641678
COL,54,22,MEDIUM,85.911,85.84066666666666,,,,,,,0.7797134425102904
COL,55,23,MEDIUM,87.422,86.43333333333334,,,,,,,0.7925568624974526
COL,56,24,MEDIUM,85.976,86.43633333333332,,,,,,,0.8073489881051442
GAS,1,0,MEDIUM,,,,,,7.0,7.0,7.0,0.9657549822821957
GAS,2,0,MEDIUM,89.291,89.291,,,,7.0,7.0,7.0,0.244602058478689
GAS,3,0,MEDIUM,88.388,88.8395,,,,7.0,7.0,7.0,0.24832081029133482
GAS,4,0,MEDIUM,88.333,88.67066666666666,,,,7.0,7.0,7.0,0.25002188416424487
GAS,5,0,MEDIUM,88.088,88.26966666666665,,,,7.0,7.0,7.0,0.25397013039411775
GAS,6,0,MEDIUM,88.26,88.22699999999999,,,,7.0,7.0,7.0,0.2546059932606091
GAS,7,0,MEDIUM,142.022,106.12333333333332,,,,32.0,32.0,32.0,0.14605618647094987
GAS,8,1,HARD,120.853,117.045,,,,32.0,32.0,32.0,0.0836618377757479
GAS,9,2,HARD,132.767,131.88066666666666,,,,32.0,32.0,32.0,0.04515137877113619
GAS,10,3,HARD,128.057,127.22566666666664,,,,32.0,32.0,32.0,0.06191244413861492
GAS,11,4,HARD,89.849,116.891,,,,32.0,32.0,32.0,0.09461780547516231
GAS,12,5,HARD,88.678,102.19466666666666,,,,32.0,32.0,32.0,0.20658084409253324
GAS,13,6,HARD,88.815,89.11399999999999,,,,32.0,32.0,32.0,0.37393265460602654
GAS,14,7,HARD,88.262,88.585,,,,32.0,32.0,32.0,0.40414860293561733
GAS,15,8,HARD,88.203,88.42666666666666,,,,32.0,32.0,32.0,0.4307287973411305
GAS,16,9,HARD,87.845,88.10333333333334,,,,32.0,32.0,32.0,0.4595748747000142
GAS,17,10,HARD,87.994,88.01400000000001,,,,32.0,32.0,32.0,0.4861568958077576
GAS,18,11,HARD,88.081,87.97333333333334,,,,32.0,32.0,32.0,0.5120521940329792
GAS,19,12,HARD,87.683,87.91933333333334,,,,32.0,32.0,32.0,0.5373831004729435
GAS,20,13,HARD,87.692,87.81866666666667,,,,32.0,32.0,32.0,0.563730491734036
GAS,21,14,HARD,87.701,87.69200000000001,,,,32.0,32.0,32.0,0.5900733340162932
GAS,22,15,HARD,87.731,87.70799999999998,,,,32.0,32.0,32.0,0.6140558033262364
GAS,23,16,HARD,87.527,87.653,,,,32.0,32.0,32.0,0.6381039073685759
GAS,24,17,HARD,87.844,87.70066666666666,,,,32.0,32.0,32.0,0.660861099703816
GAS,25,18,HARD,87.372,87.581,,,,32.0,32.0,32.0,0.6839459354336668
GAS,26,19,HARD,88.017,87.74433333333333,,,,32.0,32.0,32.0,0.7041990998388421
GAS,27,20,HARD,87.609,87.666,,,,32.0,32.0,32.0,0.725172731886423
GAS,28,21,HARD,87.523,87.71633333333334,,,,32.0,32.0,32.0,0.7441822057751257
GAS,29,22,HARD,87.42,87.51733333333334,,,,32.0,32.0,32.0,0.7647978753795459
GAS,30,23,HARD,87.198,87.38033333333333,,,,32.0,32.0,32.0,0.7835343293707726
GAS,31,24,HARD,87.409,87.34233333333333,,,,32.0,32.0,32.0,0.800678924243499
GAS,32,0,HARD,94.234,89.61366666666667,,,,,,,0.24647113471438337
GAS,33,1,MEDIUM,111.296,97.64633333333336,,,,,,,0.20306201558394055
GAS,34,2,MEDIUM,85.846,97.12533333333332,,,,,,,0.20070578109723483
GAS,35,3,MEDIUM,85.789,94.31033333333336,,,,,,,0.24516669550932257
GAS,36,4,MEDIUM,85.711,85.782,,,,,,,0.3660760480883599
GAS,37,5,MEDIUM,85.695,85.73166666666667,,,,,,,0.39042418798064227
GAS,38,6,MEDIUM,85.72,85.70866666666666,,,,,,,0.41501757237668374
GAS,39,7,MEDIUM,85.902,85.77233333333334,,,,,,,0.4390720962635033
GAS,40,8,MEDIUM,85.677,85.76633333333332,,,,,,,0.46380678232031775
GAS,41,9,MEDIUM,85.63,85.73633333333333,,,,,,,0.48930742965151447
GAS,42,10,MEDIUM,85.483,85.59666666666668,,,,,,,0.5162478082710922
GAS,43,11,MEDIUM,85.459,85.524,,,,,,,0.5423411425269018
GAS,44,12,MEDIUM,85.557,85.49966666666667,,,,,,,0.567713532658465
GAS,45,13,MEDIUM,85.757,85.59100000000001,,,,,,,0.5913192290950479
GAS,46,14,MEDIUM,85.641,85.65166666666669,,,,,,,0.6144908489077414
GAS,47,15,MEDIUM,85.519,85.63900000000001,,,,,,,0.6380908539293852
GAS,48,16,MEDIUM,85.574,85.57800000000002,,,,,,,0.6618709893360585
GAS,49,17,MEDIUM,85.594,85.56233333333334,,,,,,,0.6842720888022621
GAS,50,18,MEDIUM,85.454,85.54066666666665,,,,,,,0.7057294452983748
GAS,51,19,MEDIUM,85.422,85.49,,,,,,,0.7267545771343078
GAS,52,20,MEDIUM,85.421,85.43233333333335,,,,,,,0.7469234162412158
GAS,53,21,MEDIUM,87.233,86.02533333333334,,,,,,,0.7614000496790645
GAS,54,22,MEDIUM,85.376,86.01,,,,,,,0.7775641047187062
GAS,55,23,MEDIUM,86.051,86.22000000000001,,,,,,,0.79323011677342
GAS,56,24,MEDIUM,85.956,85.79433333333334,,,,,,,0.8128330225063756
HAD,1,0,MEDIUM,,,,,,7.0,7.0,7.0,0.9657549822821957
HAD,2,0,MEDIUM,88.632,88.632,,,,7.0,7.0,7.0,0.2507447725359861
HAD,3,0,MEDIUM,88.346,88.489,,,,7.0,7.0,7.0,0.25193814146720106
HAD,4,0,MEDIUM,88.01,88.32933333333334,,,,7.0,7.0,7.0,0.2532571456051665
HAD,5,0,MEDIUM,88.115,88.157,,,,7.0,7.0,7.0,0.25519022095915883
HAD,6,0,MEDIUM,87.917,88.01400000000001,,,,7.0,7.0,7.0,0.2564927743038821
HAD,7,0,MEDIUM,106.437,94.15633333333334,,,,32.0,32.0,32.0,0.21394828251385276
HAD,8,1,MEDIUM,137.459,110.60433333333332,,,,32.0,32.0,32.0,0.12558772282763364
HAD,9,2,MEDIUM,140.656,128.184,,,,32.0,32.0,32.0,0.057279830029458786
HAD,10,3,MEDIUM,136.9,138.33833333333334,,,,32.0,32.0,32.0,0.036021815774464276
HAD,11,4,MEDIUM,87.769,121.77500000000002,,,,32.0,32.0,32.0,0.07293992236255731
HAD,12,5,MEDIUM,87.752,104.14033333333332,,,,32.0,32.0,32.0,0.1885744301454067
HAD,13,6,MEDIUM,87.714,87.745,,,,32.0,32.0,32.0,0.3904613427195727
HAD,14,7,MEDIUM,87.743,87.73633333333333,,,,32.0,32.0,32.0,0.41486715269250624
HAD,15,8,MEDIUM,87.631,87.69599999999998,,,,32.0,32.0,32.0,0.4399353966977693
HAD,16,9,MEDIUM,87.41,87.59466666666667,,,,32.0,32.0,32.0,0.4660053263779604
HAD,17,10,MEDIUM,87.476,87.50566666666667,,,,32.0,32.0,32.0,0.4924978264573629
HAD,18,11,MEDIUM,87.427,87.43766666666666,,,,32.0,32.0,32.0,0.5185774947417299
HAD,19,12,MEDIUM,87.396,87.43299999999999,,,,32.0,32.0,32.0,0.5437065608786833
HAD,20,13,MEDIUM,87.4,87.40766666666667,,,,32.0,32.0,32.0,0.5689461835243219
HAD,21,14,MEDIUM,87.355,87.38366666666667,,,,32.0,32.0,32.0,0.5937476199883196
HAD,22,15,MEDIUM,87.338,87.36433333333333,,,,32.0,32.0,32.0,0.6180561306627862
HAD,23,16,MEDIUM,87.128,87.27366666666667,,,,32.0,32.0,32.0,0.642448979762109
HAD,24,17,MEDIUM,87.03,87.16533333333332,,,,32.0,32.0,32.0,0.6664857236819012
HAD,25,18,MEDIUM,87.152,87.10333333333334,,,,32.0,32.0,32.0,0.6894019419504753
HAD,26,19,MEDIUM,87.695,87.29233333333333,,,,32.0,32.0,32.0,0.7090397459900298
HAD,27,20,MEDIUM,86.752,87.19966666666666,,,,32.0,32.0,32.0,0.7293601089690798
HAD,28,21,MEDIUM,86.714,87.05366666666667,,,,32.0,32.0,32.0,0.7502865295151786
HAD,29,22,MEDIUM,86.641,86.70233333333333,,,,32.0,32.0,32.0,0.7720886984395428
HAD,30,23,MEDIUM,86.51,86.62166666666667,,,,32.0,32.0,32.0,0.7899689232573802
HAD,31,24,MEDIUM,86.425,86.52533333333334,,,,32.0,32.0,32.0,0.8069740946274765
HAD,32,0,MEDIUM,90.549,87.82800000000002,,,,,,,0.261348036128294
HAD,33,1,HARD,107.671,94.88166666666666,,,,,,,0.22550981004949713
HAD,34,2,HARD,85.968,94.72933333333332,,,,,,,0.22309368250581807
HAD,35,3,HARD,85.69,93.10966666666668,,,,,,,0.25764634161241906
HAD,36,4,HARD,85.772,85.81,,,,,,,0.36579450547559494
HAD,37,5,HARD,86.022,85.82800000000002,,,,,,,0.3895892277081428
HAD,38,6,HARD,85.776,85.85666666666667,,,,,,,0.4130945332306717
HAD,39,7,HARD,85.793,85.86366666666667,,,,,,,0.4376671383009884
HAD,40,8,HARD,85.551,85.70666666666666,,,,,,,0.464455514758703
HAD,41,9,HARD,85.866,85.73666666666668,,,,,,,0.4896376108721885
HAD,42,10,HARD,85.431,85.616,,,,,,,0.5159051167538538
HAD,43,11,HARD,85.196,85.49766666666666,,,,,,,0.5423346195752957
HAD,44,12,HARD,85.068,85.23166666666667,,,,,,,0.5706934676730312
HAD,45,13,HARD,84.808,85.024,,,,,,,0.5976344637747243
HAD,46,14,HARD,84.658,84.84466666666667,,,,,,,0.6237748799993474
HAD,47,15,HARD,84.724,84.73,,,,,,,0.6486725738004498
HAD,48,16,HARD,84.501,84.62766666666667,,,,,,,0.6722742535413646
HAD,49,17,HARD,84.325,84.51666666666667,,,,,,,0.695194684750901
HAD,50,18,HARD,84.423,84.41633333333334,,,,,,,0.7173814336486961
HAD,51,19,HARD,84.5,84.416,,,,,,,0.7374604410150887
HAD,52,20,HARD,84.317,84.41333333333334,,,,,,,0.7563489331033751
HAD,53,21,HARD,84.334,84.38366666666667,,,,,,,0.7747553553131826
HAD,54,22,HARD,84.405,84.35199999999999,,,,,,,0.7922222041778959
HAD,55,23,HARD,158.927,109.222,,,,,,,0.617024539974613
HAD,56,24,,,109.222,,,,,,,0.4195752516506912
HAM,1,0,SOFT,,,,,,7.0,7.0,7.0,0.9657549822821957
HAM,2,0,SOFT,89.41,89.41,,,,7.0,7.0,7.0,0.24350374023895932
HAM,3,0,SOFT,88.899,89.1545,,,,7.0,7.0,7.0,0.2455971496418558
HAM,4,0,SOFT,89.014,89.10766666666666,,,,7.0,7.0,7.0,0.24620198408425759
HAM,5,0,SOFT,88.266,88.72633333333333,,,,7.0,7.0,7.0,0.249369673714414
HAM,6,0,SOFT,88.272,88.51733333333334,,,,7.0,7.0,7.0,0.25156169332422307
HAM,7,0,SOFT,109.205,95.24766666666666,,,,32.0,32.0,32.0,0.2064652102787763
HAM,8,1,MEDIUM,137.824,111.767,,,,32.0,32.0,32.0,0.11886303864439497
HAM,9,2,MEDIUM,141.43,129.4863333333333,,,,32.0,32.0,32.0,0.05370884222962509
HAM,10,3,MEDIUM,129.904,136.386,,,,32.0,32.0,32.0,0.03849729967406703
HAM,11,4,MEDIUM,89.006,120.11333333333334,,,,32.0,32.0,32.0,0.07996691593998671
HAM,12,5,MEDIUM,88.151,102.35366666666664,,,,32.0,32.0,32.0,0.20464547268372874
HAM,13,6,MEDIUM,88.182,88.44633333333333,,,,32.0,32.0,32.0,0.38183097125805754
HAM,14,7,MEDIUM,87.74,88.02433333333333,,,,32.0,32.0,32.0,0.41097396056059315
HAM,15,8,MEDIUM,87.822,87.91466666666668,,,,32.0,32.0,32.0,0.4372031879334049
HAM,16,9,MEDIUM,87.646,87.73599999999999,,,,32.0,32.0,32.0,0.4643799806714355
HAM,17,10,MEDIUM,87.695,87.721,,,,32.0,32.0,32.0,0.48981074616849674
HAM,18,11,MEDIUM,87.764,87.70166666666667,,,,32.0,32.0,32.0,0.5153830107260368
HAM,19,12,MEDIUM,87.552,87.67033333333332,,,,32.0,32.0,32.0,0.5406447882715203
HAM,20,13,MEDIUM,87.676,87.664,,,,32.0,32.0,32.0,0.5658259209036011
HAM,21,14,MEDIUM,87.574,87.60066666666667,,,,32.0,32.0,32.0,0.5911291538664927
HAM,22,15,MEDIUM,87.813,87.68766666666666,,,,32.0,32.0,32.0,0.6144344967432679
HAM,23,16,MEDIUM,87.733,87.70666666666666,,,,32.0,32.0,32.0,0.637683530478048
HAM,24,17,MEDIUM,87.708,87.75133333333333,,,,32.0,32.0,32.0,0.6600550209109599
HAM,25,18,MEDIUM,87.635,87.69200000000001,,,,32.0,32.0,32.0,0.6829312425808372
HAM,26,19,MEDIUM,87.375,87.57266666666668,,,,32.0,32.0,32.0,0.7054302840223847
HAM,27,20,MEDIUM,87.16,87.39,,,,32.0,32.0,32.0,0.7277213866074491
HAM,28,21,MEDIUM,87.449,87.32799999999999,,,,32.0,32.0,32.0,0.748199455070068
HAM,29,22,MEDIUM,87.282,87.29699999999998,,,,32.0,32.0,32.0,0.7668584481204047
HAM,30,23,MEDIUM,87.189,87.30666666666666,,,,32.0,32.0,32.0,0.7842208739302318
HAM,31,24,MEDIUM,87.098,87.18966666666665,,,,32.0,32.0,32.0,0.801752167137005
HAM,32,0,MEDIUM,91.659,88.64866666666667,,,,,,,0.25381140887519643
HAM,33,1,MEDIUM,107.696,95.48433333333332,,,,,,,0.21972481274823927
HAM,34,2,MEDIUM,85.368,94.90766666666669,,,,,,,0.2207900171888223
HAM,35,3,MEDIUM,85.827,92.96366666666664,,,,,,,0.25935432007460424
HAM,36,4,MEDIUM,86.203,85.79933333333334,,,,,,,0.3665003095930958
HAM,37,5,MEDIUM,86.073,86.03433333333334,,,,,,,0.38692808701157294
HAM,38,6,MEDIUM,86.105,86.127,,,,,,,0.4099001295026883
HAM,39,7,MEDIUM,85.856,86.01133333333333,,,,,,,0.43573165669112773
HAM,40,8,MEDIUM,85.837,85.93266666666666,,,,,,,0.46172908214902314
HAM,41,9,MEDIUM,85.815,85.836,,,,,,,0.48818260762133436
HAM,42,10,MEDIUM,85.552,85.73466666666667,,,,,,,0.5144256509168517
HAM,43,11,MEDIUM,85.986,85.78433333333334,,,,,,,0.5394829737620789
HAM,44,12,MEDIUM,85.845,85.79433333333334,,,,,,,0.5640829284039389
HAM,45,13,MEDIUM,85.52,85.78366666666666,,,,,,,0.5883972647904442
HAM,46,14,MEDIUM,85.677,85.68066666666668,,,,,,,0.6141565293280832
HAM,47,15,MEDIUM,85.997,85.73133333333334,,,,,,,0.637529601636176
HAM,48,16,MEDIUM,85.609,85.76100000000001,,,,,,,0.6596304691630436
HAM,49,17,MEDIUM,85.468,85.69133333333333,,,,,,,0.6825625898789598
HAM,50,18,MEDIUM,85.223,85.43333333333334,,,,,,,0.7066978338583972
HAM,51,19,MEDIUM,85.324,85.33833333333332,,,,,,,0.7283190116591828
HAM,52,20,MEDIUM,84.848,85.13166666666666,,,,,,,0.7494659172643565
HAM,53,21,MEDIUM,85.74,85.30399999999999,,,,,,,0.7671121161235288
HAM,54,22,MEDIUM,85.077,85.22166666666666,,,,,,,0.7847801310795793
HAM,55,23,MEDIUM,86.206,85.67433333333334,,,,,,,0.7983128867792237
HAM,56,24,MEDIUM,86.234,85.839,,,,,,,0.8126945686438541
HAM,57,25,MEDIUM,85.884,86.108,,,,,,,0.8251286143092166
HUL,1,0,SOFT,,,,,,,,,0.9657549822821957
HUL,2,0,SOFT,88.911,88.911,,,,,,,0.24813166677890933
HUL,3,0,SOFT,88.362,88.6365,,,,,,,0.25040983645170395
HUL,4,0,SOFT,88.402,88.55833333333334,,,,,,,0.25127076002195414
HUL,5,0,SOFT,88.139,88.301,,,,,,,0.25369438782343157
HUL,6,0,SOFT,88.206,88.24900000000001,,,,,,,0.25431534069196055
HUL,7,0,,,88.24900000000001,,,,,,,0.17128986119619494
LAW,1,0,MEDIUM,,,,,,7.0,7.0,7.0,0.9657549822821957
LAW,2,0,MEDIUM,89.343,89.343,,,,7.0,7.0,7.0,0.2441217093736868
LAW,3,0,MEDIUM,88.929,89.136,,,,7.0,7.0,7.0,0.24581971200754313
LAW,4,0,MEDIUM,88.65,88.974,,,,7.0,7.0,7.0,0.24720166599550136
LAW,5,0,MEDIUM,88.424,88.66766666666668,,,,7.0,7.0,7.0,0.25015011898370393
LAW,6,0,MEDIUM,88.006,88.36000000000001,,,,7.0,7.0,7.0,0.2529299247724784
LAW,7,0,MEDIUM,109.397,95.27566666666668,,,,32.0,32.0,32.0,0.20638827303772123
LAW,8,1,MEDIUM,134.727,110.71,,,,32.0,32.0,32.0,0.12325677227296189
LAW,9,2,MEDIUM,141.771,128.63166666666666,,,,32.0,32.0,32.0,0.05628332348320081
LAW,10,3,MEDIUM,132.5,136.33266666666665,,,,32.0,32.0,32.0,0.03915820884882771
LAW,11,4,MEDIUM,88.204,120.825,,,,32.0,32.0,32.0,0.07677505639495939
LAW,12,5,MEDIUM,88.19,102.96466666666667,,,,32.0,32.0,32.0,0.1991966282550923
LAW,13,6,MEDIUM,87.641,88.01166666666666,,,,32.0,32.0,32.0,0.386833431060939
LAW,14,7,MEDIUM,87.821,87.884,,,,32.0,32.0,32.0,0.41297909967596097
LAW,15,8,MEDIUM,87.788,87.75,,,,32.0,32.0,32.0,0.4394139265541103
LAW,16,9,MEDIUM,87.629,87.746,,,,32.0,32.0,32.0,0.4642174228184892
LAW,17,10,MEDIUM,87.598,87.67166666666667,,,,32.0,32.0,32.0,0.4903598762585922
LAW,18,11,MEDIUM,87.597,87.608,,,,32.0,32.0,32.0,0.5164493130018656
LAW,19,12,MEDIUM,87.545,87.58,,,,32.0,32.0,32.0,0.5418843488055077
LAW,20,13,MEDIUM,87.374,87.50533333333333,,,,32.0,32.0,32.0,0.5675751963127247
LAW,21,14,MEDIUM,87.355,87.42466666666667,,,,32.0,32.0,32.0,0.5931966015294072
LAW,22,15,MEDIUM,87.47,87.39966666666668,,,,32.0,32.0,32.0,0.6177683740717074
LAW,23,16,MEDIUM,87.61,87.47833333333334,,,,32.0,32.0,32.0,0.6404562577218084
LAW,24,17,MEDIUM,87.312,87.464,,,,32.0,32.0,32.0,0.6631351397265819
LAW,25,18,MEDIUM,87.297,87.40633333333334,,,,32.0,32.0,32.0,0.6859536611599814
LAW,26,19,MEDIUM,87.208,87.27233333333334,,,,32.0,32.0,32.0,0.7086990591569291
LAW,27,20,MEDIUM,87.592,87.36566666666666,,,,32.0,32.0,32.0,0.7284752881351797
LAW,28,21,MEDIUM,87.477,87.42566666666666,,,,32.0,32.0,32.0,0.7472031283210676
LAW,29,22,MEDIUM,87.602,87.557,,,,32.0,32.0,32.0,0.7645862101243242
LAW,30,23,MEDIUM,87.007,87.36200000000001,,,,32.0,32.0,32.0,0.7835236199324702
LAW,31,24,MEDIUM,86.816,87.14166666666667,,,,32.0,32.0,32.0,0.8019226260924796
LAW,32,0,MEDIUM,91.451,88.42466666666667,,,,,,,0.255956893437578
LAW,33,1,HARD,108.685,95.65066666666668,,,,,,,0.2190995826308821
LAW,34,2,HARD,85.593,95.243,,,,,,,0.21781066155765252
LAW,35,3,HARD,85.509,93.26233333333334,,,,,,,0.25582744749543007
LAW,36,4,HARD,86.364,85.822,,,,,,,0.36641938325376205
LAW,37,5,HARD,85.996,85.95633333333335,,,,,,,0.3878554836578027
LAW,38,6,HARD,85.624,85.99466666666666,,,,,,,0.4110231064147015
LAW,39,7,HARD,85.618,85.746,,,,,,,0.43903626004568774
LAW,40,8,HARD,85.509,85.58366666666666,,,,,,,0.4661008459570585
LAW,41,9,HARD,85.653,85.59333333333332,,,,,,,0.49133075575846236
LAW,42,10,HARD,85.631,85.59766666666667,,,,,,,0.5164437382381287
LAW,43,11,HARD,85.468,85.584,,,,,,,0.5415241338254182
LAW,44,12,HARD,85.377,85.492,,,,,,,0.5675675362623628
LAW,45,13,HARD,85.538,85.461,,,,,,,0.5927679721568039
LAW,46,14,HARD,85.304,85.40633333333334,,,,,,,0.6172712448857673
LAW,47,15,HARD,85.463,85.435,,,,,,,0.64063776388204
LAW,48,16,HARD,85.305,85.35733333333333,,,,,,,0.6642759431381169
LAW,49,17,HARD,85.396,85.38799999999999,,,,,,,0.686124324736801
LAW,50,18,HARD,84.149,84.95,,,,,,,0.7109959774432384
LAW,51,19,HARD,84.301,84.61533333333334,,,,,,,0.7350849891432578
LAW,52,20,HARD,84.128,84.19266666666667,,,,,,,0.7584105018004371
LAW,53,21,HARD,84.13,84.18633333333334,,,,,,,0.7764668764823137
LAW,54,22,HARD,83.971,84.07633333333332,,,,,,,0.7943362983759599
LAW,55,23,HARD,84.405,84.16866666666667,,,,,,,0.8099107940950384
LAW,56,24,HARD,84.376,84.25066666666667,,,,,,,0.8242691627433663
LAW,57,25,HARD,84.055,84.27866666666667,,,,,,,0.8379436678266762
LEC,1,0,MEDIUM,,,,,,7.0,7.0,7.0,0.9657549822821957
LEC,2,0,MEDIUM,89.405,89.405,,,,7.0,7.0,7.0,0.24354982068970532
LEC,3,0,MEDIUM,88.982,89.1935,,,,7.0,7.0,7.0,0.24528207913404051
LEC,4,0,MEDIUM,88.281,88.88933333333334,,,,7.0,7.0,7.0,0.24768980397350857
LEC,5,0,MEDIUM,88.257,88.50666666666666,,,,7.0,7.0,7.0,0.25165754319294537
LEC,6,0,MEDIUM,88.042,88.19333333333334,,,,7.0,7.0,7.0,0.25472703720516665
LEC,7,0,MEDIUM,107.451,94.58333333333331,,,,32.0,32.0,32.0,0.21093191033230432
LEC,8,1,MEDIUM,135.814,110.43566666666668,,,,32.0,32.0,32.0,0.1255938849751947
LEC,9,2,MEDIUM,141.11,128.125,,,,32.0,32.0,32.0,0.057597310163910224
LEC,10,3,MEDIUM,134.661,137.19500000000002,,,,32.0,32.0,32.0,0.03783444078694566
LEC,11,4,MEDIUM,88.18,121.317,,,,32.0,32.0,32.0,0.07484540909821798
LEC,12,5,MEDIUM,87.991,103.61066666666666,,,,32.0,32.0,32.0,0.1933421698241887
LEC,13,6,MEDIUM,87.418,87.863,,,,32.0,32.0,32.0,0.38849874221516845
LEC,14,7,MEDIUM,87.844,87.75099999999999,,,,32.0,32.0,32.0,0.4148080244793378
LEC,15,8,MEDIUM,87.701,87.65433333333333,,,,32.0,32.0,32.0,0.44060531067492154
LEC,16,9,MEDIUM,87.541,87.69533333333334,,,,32.0,32.0,32.0,0.46479518518716995
LEC,17,10,MEDIUM,87.617,87.61966666666666,,,,32.0,32.0,32.0,0.4911107469674375
LEC,18,11,MEDIUM,87.404,87.52066666666667,,,,32.0,32.0,32.0,0.5173905154214783
LEC,19,12,MEDIUM,87.456,87.49233333333332,,,,32.0,32.0,32.0,0.5429710047926807
LEC,20,13,MEDIUM,87.402,87.42066666666666,,,,32.0,32.0,32.0,0.5687713618340786
LEC,21,14,MEDIUM,87.344,87.40066666666667,,,,32.0,32.0,32.0,0.5935041105861778
LEC,22,15,MEDIUM,87.481,87.40899999999999,,,,32.0,32.0,32.0,0.617660348331437
LEC,23,16,MEDIUM,87.388,87.40433333333333,,,,32.0,32.0,32.0,0.6411149739128708
LEC,24,17,MEDIUM,87.238,87.36899999999999,,,,32.0,32.0,32.0,0.6642225726705496
LEC,25,18,MEDIUM,87.358,87.32800000000002,,,,32.0,32.0,32.0,0.6869673748689297
LEC,26,19,MEDIUM,87.331,87.30900000000001,,,,32.0,32.0,32.0,0.7084214828593057
LEC,27,20,MEDIUM,87.233,87.30733333333335,,,,32.0,32.0,32.0,0.728714802755838
LEC,28,21,MEDIUM,87.155,87.23966666666666,,,,32.0,32.0,32.0,0.7488115163762752
LEC,29,22,MEDIUM,87.17,87.18599999999999,,,,32.0,32.0,32.0,0.7678487702824669
LEC,30,23,MEDIUM,86.915,87.08,,,,32.0,32.0,32.0,0.7860883581086479
LEC,31,24,MEDIUM,86.99,87.02499999999999,,,,32.0,32.0,32.0,0.8031091552643846
LEC,32,0,MEDIUM,91.432,88.44566666666667,,,,,,,0.25571364607905467
LEC,33,1,HARD,108.324,95.582,,,,,,,0.2194035122253896
LEC,34,2,HARD,85.506,95.08733333333332,,,,,,,0.21920705697531276
LEC,35,3,HARD,85.245,93.025,,,,,,,0.2580654073475443
LEC,36,4,HARD,85.228,85.32633333333332,,,,,,,0.37134586815851023
LEC,37,5,HARD,85.203,85.22533333333332,,,,,,,0.3964885892040267
LEC,38,6,HARD,85.196,85.209,,,,,,,0.4210652030446826
LEC,39,7,HARD,85.274,85.22433333333333,,,,,,,0.4457227153022964
LEC,40,8,HARD,85.371,85.28033333333333,,,,,,,0.47011283309638563
LEC,41,9,HARD,86.195,85.61333333333333,,,,,,,0.49182138789600643
LEC,42,10,HARD,85.964,85.84333333333332,,,,,,,0.513497842368814
LEC,43,11,HARD,85.52,85.89299999999999,,,,,,,0.5373210719365299
LEC,44,12,HARD,85.425,85.63633333333333,,,,,,,0.565660125320687
LEC,45,13,HARD,85.103,85.34933333333333,,,,,,,0.5936730443254403
LEC,46,14,HARD,84.78,85.10266666666666,,,,,,,0.6205592638502847
LEC,47,15,HARD,84.878,84.92033333333333,,,,,,,0.6464523738541611
LEC,48,16,HARD,84.787,84.815,,,,,,,0.6703299307743412
LEC,49,17,HARD,84.607,84.75733333333334,,,,,,,0.6926874220641697
LEC,50,18,HARD,84.77,84.72133333333333,,,,,,,0.7143263115773292
LEC,51,19,HARD,84.818,84.73166666666667,,,,,,,0.7343940650895612
LEC,52,20,HARD,84.621,84.73633333333333,,,,,,,0.7533387409720871
LEC,53,21,HARD,85.109,84.84933333333333,,,,,,,0.7709742268692477
LEC,54,22,HARD,84.887,84.87233333333333,,,,,,,0.7878683984045204
LEC,55,23,HARD,84.939,84.97833333333334,,,,,,,0.8033492410494404
LEC,56,24,HARD,84.432,84.75266666666666,,,,,,,0.8202287164348944
LEC,57,25,HARD,84.93,84.767,,,,,,,0.8349015968754309
NOR,1,0,MEDIUM,,,,,,25.0,25.0,25.0,0.9657549822821957
NOR,2,0,MEDIUM,87.713,87.713,,,,25.0,25.0,25.0,0.2594807554474963
NOR,3,0,MEDIUM,87.673,87.693,,,,25.0,25.0,25.0,0.25965122842345806
NOR,4,0,MEDIUM,87.505,87.63033333333333,,,,25.0,25.0,25.0,0.2601392222845659
NOR,5,0,MEDIUM,86.946,87.37466666666667,,,,25.0,25.0,25.0,0.2622751192217418
NOR,6,0,MEDIUM,86.957,87.13600000000001,,,,25.0,25.0,25.0,0.2648677760551088
NOR,7,0,MEDIUM,100.154,91.35233333333332,,,,25.0,25.0,25.0,0.23491489292412393
NOR,8,0,MEDIUM,145.116,110.74233333333332,,,,25.0,25.0,25.0,0.11861538574282582
NOR,9,0,MEDIUM,141.108,128.7926666666667,,,,25.0,25.0,25.0,0.045919807685036666
NOR,10,0,MEDIUM,139.394,141.87266666666667,,,,25.0,25.0,25.0,0.02248424580237607
NOR,11,0,MEDIUM,85.639,122.047,,,,25.0,25.0,25.0,0.04866025824709095
NOR,12,0,MEDIUM,85.615,103.54933333333334,,,,25.0,25.0,25.0,0.12534733838166948
NOR,13,0,MEDIUM,85.702,85.652,,,,25.0,25.0,25.0,0.2798352244630631
NOR,14,0,MEDIUM,85.843,85.71999999999998,,,,25.0,25.0,25.0,0.2792335779880541
NOR,15,0,MEDIUM,85.786,85.777,,,,25.0,25.0,25.0,0.2785299497657861
NOR,16,0,MEDIUM,85.94,85.85633333333334,,,,25.0,25.0,25.0,0.2778181560291196
NOR,17,0,MEDIUM,86.043,85.923,,,,25.0,25.0,25.0,0.2771908315637615
NOR,18,0,MEDIUM,85.935,85.97266666666667,,,,25.0,25.0,25.0,0.2765141721607122
NOR,19,0,MEDIUM,85.797,85.925,,,,25.0,25.0,25.0,0.2768887835696936
NOR,20,0,MEDIUM,85.903,85.87833333333333,,,,25.0,25.0,25.0,0.2775302222593868
NOR,21,0,MEDIUM,85.853,85.851,,,,25.0,25.0,25.0,0.27777866335683105
NOR,22,0,MEDIUM,86.161,85.97233333333334,,,,25.0,25.0,25.0,0.2767746528210062
NOR,23,0,MEDIUM,85.953,85.98899999999999,,,,25.0,25.0,25.0,0.2763526278560973
NOR,24,0,MEDIUM,85.97,86.028,,,,25.0,25.0,25.0,0.2759376651751041
NOR,25,0,MEDIUM,90.084,87.33566666666667,,,,44.0,44.0,44.0,0.26616093380168143
NOR,26,1,MEDIUM,107.589,94.54766666666669,,,,44.0,44.0,44.0,0.22869378772221644
NOR,27,2,MEDIUM,85.304,94.32566666666666,,,,44.0,44.0,44.0,0.22635444889763337
NOR,28,3,MEDIUM,85.065,92.65266666666666,,,,44.0,44.0,44.0,0.2618588879610746
NOR,29,4,MEDIUM,85.02,85.12966666666667,,,,44.0,44.0,44.0,0.37363052500603194
NOR,30,5,MEDIUM,85.167,85.084,,,,44.0,44.0,44.0,0.3983250074371986
NOR,31,6,MEDIUM,85.786,85.32433333333334,,,,44.0,44.0,44.0,0.4203158170804382
NOR,32,7,MEDIUM,86.505,85.81933333333332,,,,44.0,44.0,44.0,0.4392704622830956
NOR,33,8,MEDIUM,84.607,85.63266666666668,,,,44.0,44.0,44.0,0.46414774930891145
NOR,34,9,MEDIUM,84.704,85.27199999999999,,,,44.0,44.0,44.0,0.494458080734276
NOR,35,10,MEDIUM,84.631,84.64733333333334,,,,44.0,44.0,44.0,0.528234741596932
NOR,36,11,MEDIUM,85.746,85.027,,,,44.0,44.0,44.0,0.549607712009371
NOR,37,12,MEDIUM,84.981,85.11933333333333,,,,44.0,44.0,44.0,0.5721049734026741
NOR,38,13,MEDIUM,84.913,85.21333333333332,,,,44.0,44.0,44.0,0.5952393557634064
NOR,39,14,MEDIUM,84.894,84.92933333333333,,,,44.0,44.0,44.0,0.6229821647662435
NOR,40,15,MEDIUM,84.924,84.91033333333333,,,,44.0,44.0,44.0,0.6466393546435153
NOR,41,16,MEDIUM,85.045,84.95433333333334,,,,44.0,44.0,44.0,0.6689369400944232
NOR,42,17,MEDIUM,84.991,84.98666666666666,,,,44.0,44.0,44.0,0.6904274984590308
NOR,43,18,MEDIUM,84.821,84.95233333333333,,,,44.0,44.0,44.0,0.7117526402443963
NOR,44,0,MEDIUM,89.254,86.35533333333335,,,,,,,0.2760197403825923
NOR,45,1,HARD,107.16,93.745,,,,,,,0.23623648319117246
NOR,46,2,HARD,83.633,93.349,,,,,,,0.23431691583581354
NOR,47,3,HARD,83.197,91.33,,,,,,,0.27423198611776295
NOR,48,4,HARD,83.305,83.37833333333333,,,,,,,0.39440040741197996
NOR,49,5,HARD,83.674,83.39200000000001,,,,,,,0.41905028843786996
NOR,50,6,HARD,84.137,83.70533333333334,,,,,,,0.4401253585302969
NOR,51,7,HARD,84.127,83.97933333333333,,,,,,,0.4612956501536872
NOR,52,8,HARD,84.141,84.135,,,,,,,0.48428662727917743
NOR,53,9,HARD,83.983,84.08366666666667,,,,,,,0.509982098367203
NOR,54,10,HARD,84.073,84.06566666666667,,,,,,,0.5355132947099794
NOR,55,11,HARD,83.915,83.99033333333334,,,,,,,0.5612994763406506
NOR,56,12,HARD,83.925,83.971,,,,,,,0.5862335909720733
NOR,57,13,HARD,83.499,83.77966666666667,,,,,,,0.6124213516456516
OCO,1,0,MEDIUM,,,,,,8.0,8.0,8.0,0.9657549822821957
OCO,2,0,MEDIUM,89.487,89.487,,,,8.0,8.0,8.0,0.24279484811974708
OCO,3,0,MEDIUM,89.039,89.263,,,,8.0,8.0,8.0,0.24462589721817973
OCO,4,0,MEDIUM,88.848,89.12466666666667,,,,8.0,8.0,8.0,0.245851498177168
OCO,5,0,MEDIUM,88.403,88.76333333333334,,,,8.0,8.0,8.0,0.24912954428257822
OCO,6,0,MEDIUM,88.328,88.52633333333334,,,,8.0,8.0,8.0,0.25152716374311995
OCO,7,0,MEDIUM,105.277,94.00266666666668,,,,8.0,8.0,8.0,0.2142804642773423
OCO,8,0,MEDIUM,127.608,107.071,,,,9.0,9.0,9.0,0.13005208828119658
OCO,9,0,HARD,160.736,131.207,,,,34.0,34.0,34.0,0.044920351616176135
OCO,10,1,MEDIUM,125.828,138.05733333333333,,,,34.0,34.0,34.0,0.02830942820034434
OCO,11,2,MEDIUM,89.116,125.22666666666667,,,,34.0,34.0,34.0,0.05075293974460809
OCO,12,3,MEDIUM,88.714,101.21933333333334,,,,34.0,34.0,34.0,0.18349948970263458
OCO,13,4,MEDIUM,88.431,88.75366666666666,,,,34.0,34.0,34.0,0.33199384178002833
OCO,14,5,MEDIUM,88.255,88.46666666666665,,,,34.0,34.0,34.0,0.3581626900652839
OCO,15,6,MEDIUM,88.069,88.25166666666667,,,,34.0,34.0,34.0,0.38424196608679967
OCO,16,7,MEDIUM,87.951,88.09166666666665,,,,34.0,34.0,34.0,0.41035612438501373
OCO,17,8,MEDIUM,87.406,87.80866666666667,,,,34.0,34.0,34.0,0.4380751288018145
OCO,18,9,MEDIUM,88.126,87.82766666666667,,,,34.0,34.0,34.0,0.4637877810434534
OCO,19,10,MEDIUM,87.855,87.79566666666666,,,,34.0,34.0,34.0,0.488998388730804
OCO,20,11,MEDIUM,87.451,87.81066666666668,,,,34.0,34.0,34.0,0.5134224281751932
OCO,21,12,MEDIUM,87.532,87.61266666666666,,,,34.0,34.0,34.0,0.5414142601415604
OCO,22,13,MEDIUM,87.777,87.58666666666666,,,,34.0,34.0,34.0,0.567024695460545
OCO,23,14,MEDIUM,87.716,87.675,,,,34.0,34.0,34.0,0.5903229721493073
OCO,24,15,MEDIUM,87.776,87.75633333333333,,,,34.0,34.0,34.0,0.6134781172406918
OCO,25,16,MEDIUM,87.325,87.60566666666666,,,,34.0,34.0,34.0,0.6384478818939873
OCO,26,17,MEDIUM,88.155,87.752,,,,34.0,34.0,34.0,0.6606159058127699
OCO,27,18,MEDIUM,87.791,87.757,,,,34.0,34.0,34.0,0.6823386937607835
OCO,28,19,MEDIUM,87.516,87.82066666666667,,,,34.0,34.0,34.0,0.7027187347380135
OCO,29,20,MEDIUM,87.317,87.54133333333334,,,,34.0,34.0,34.0,0.7262251014931633
OCO,30,21,MEDIUM,87.584,87.47233333333334,,,,34.0,34.0,34.0,0.7468266608164488
OCO,31,22,MEDIUM,87.513,87.47133333333333,,,,34.0,34.0,34.0,0.7653533312949657
OCO,32,23,MEDIUM,87.143,87.41333333333334,,,,34.0,34.0,34.0,0.7831693619251048
OCO,33,24,MEDIUM,87.422,87.35933333333332,,,,34.0,34.0,34.0,0.800539536122885
OCO,34,0,MEDIUM,90.888,88.48433333333332,,,,,,,0.25471715977924975
OCO,35,1,HARD,109.255,95.855,,,,,,,0.21770900293227927
OCO,36,2,HARD,85.056,95.06633333333332,,,,,,,0.21897008953879327
OCO,37,3,HARD,85.57,93.29366666666664,,,,,,,0.25556118032883324
OCO,38,4,HARD,85.544,85.38999999999999,,,,,,,0.37093685289866507
OCO,39,5,HARD,85.548,85.55399999999999,,,,,,,0.3925830772952427
OCO,40,6,HARD,85.542,85.54466666666667,,,,,,,0.4169914909716414
OCO,41,7,HARD,85.897,85.66233333333334,,,,,,,0.4405747906604969
OCO,42,8,HARD,85.865,85.76799999999999,,,,,,,0.4640491442859157
OCO,43,9,HARD,85.799,85.85366666666668,,,,,,,0.4879140223622775
OCO,44,10,HARD,86.125,85.92966666666666,,,,,,,0.5125247269003326
OCO,45,11,HARD,85.937,85.95366666666666,,,,,,,0.5370694920846196
OCO,46,12,HARD,85.761,85.94099999999999,,,,,,,0.561955541039237
OCO,47,13,HARD,86.018,85.90533333333333,,,,,,,0.5874402899486002
OCO,48,14,HARD,85.761,85.84666666666665,,,,,,,0.6120762312916777
OCO,49,15,HARD,85.633,85.80399999999999,,,,,,,0.6361154516873928
OCO,50,16,HARD,85.667,85.687,,,,,,,0.6606291864340115
OCO,51,17,HARD,85.765,85.68833333333333,,,,,,,0.6829640139337082
OCO,52,18,HARD,85.799,85.74366666666667,,,,,,,0.7037840921710632
OCO,53,19,HARD,85.981,85.84833333333334,,,,,,,0.7234082864725448
OCO,54,20,HARD,86.971,86.25033333333333,,,,,,,0.7399106358956945
OCO,55,21,HARD,86.318,86.42333333333333,,,,,,,0.7563930855529456
OCO,56,22,HARD,86.001,86.43,,,,,,,0.7741124055506982
PIA,1,0,MEDIUM,,,,,,24.0,24.0,24.0,0.9657549822821957
PIA,2,0,MEDIUM,87.15,87.15,,,,24.0,24.0,24.0,0.2649292870811078
PIA,3,0,MEDIUM,86.93,87.04,,,,24.0,24.0,24.0,0.26588041877298263
PIA,4,0,MEDIUM,87.217,87.099,,,,24.0,24.0,24.0,0.265557089024503
PIA,5,0,MEDIUM,86.899,87.01533333333333,,,,24.0,24.0,24.0,0.2661143289197069
PIA,6,0,MEDIUM,86.72,86.94533333333334,,,,24.0,24.0,24.0,0.2666777635323967
PIA,7,0,MEDIUM,98.466,90.695,,,,24.0,24.0,24.0,0.23980829972365242
PIA,8,0,MEDIUM,147.366,110.85066666666668,,,,24.0,24.0,24.0,0.11932179506021746
PIA,9,0,MEDIUM,142.662,129.49800000000002,,,,24.0,24.0,24.0,0.04460330131991634
PIA,10,0,MEDIUM,140.906,143.64466666666667,,,,24.0,24.0,24.0,0.020586388841103167
PIA,11,0,MEDIUM,85.068,122.87866666666667,,,,24.0,24.0,24.0,0.04641622741775755
PIA,12,0,MEDIUM,85.228,103.734,,,,24.0,24.0,24.0,0.12398504270024921
PIA,13,0,MEDIUM,85.38,85.22533333333332,,,,24.0,24.0,24.0,0.28427785476328615
PIA,14,0,MEDIUM,85.652,85.42,,,,24.0,24.0,24.0,0.2823895278358482
PIA,15,0,MEDIUM,85.647,85.55966666666666,,,,24.0,24.0,24.0,0.28080986644279693
PIA,16,0,MEDIUM,85.493,85.59733333333334,,,,24.0,24.0,24.0,0.2802099369464697
PIA,17,0,MEDIUM,85.602,85.58066666666667,,,,24.0,24.0,24.0,0.2805221122490384
PIA,18,0,MEDIUM,85.784,85.62633333333333,,,,24.0,24.0,24.0,0.28021733974114543
PIA,19,0,MEDIUM,85.65,85.67866666666667,,,,24.0,24.0,24.0,0.27947650810605035
PIA,20,0,MEDIUM,85.806,85.74666666666667,,,,24.0,24.0,24.0,0.2788924609082283
PIA,21,0,MEDIUM,85.958,85.80466666666666,,,,24.0,24.0,24.0,0.2784164987939909
PIA,22,0,MEDIUM,85.87,85.878,,,,24.0,24.0,24.0,0.2774963803769313
PIA,23,0,MEDIUM,85.857,85.895,,,,24.0,24.0,24.0,0.27729176720949855
PIA,24,0,MEDIUM,90.513,87.41333333333334,,,,42.0,42.0,42.0,0.26579179336935993
PIA,25,1,MEDIUM,107.924,94.76466666666666,,,,42.0,42.0,42.0,0.22690202181540328
PIA,26,2,MEDIUM,84.945,94.46066666666668,,,,42.0,42.0,42.0,0.2246849902316027
PIA,27,3,MEDIUM,84.951,92.60666666666668,,,,42.0,42.0,42.0,0.26222924071374526
PIA,28,4,MEDIUM,85.269,85.05499999999999,,,,42.0,42.0,42.0,0.37493568683828354
PIA,29,5,MEDIUM,85.696,85.30533333333334,,,,42.0,42.0,42.0,0.396092068097261
PIA,30,6,MEDIUM,85.56,85.50833333333333,,,,42.0,42.0,42.0,0.4175084648119525
PIA,31,7,MEDIUM,85.537,85.59766666666667,,,,42.0,42.0,42.0,0.44095891127831266
PIA,32,8,MEDIUM,86.062,85.71966666666667,,,,42.0,42.0,42.0,0.4649970603950372
PIA,33,9,MEDIUM,84.143,85.24733333333334,,,,42.0,42.0,42.0,0.49400539043138375
PIA,34,10,MEDIUM,84.497,84.90066666666667,,,,42.0,42.0,42.0,0.5245269516806033
PIA,35,11,MEDIUM,84.33,84.32333333333334,,,,42.0,42.0,42.0,0.557308071793769
PIA,36,12,MEDIUM,84.544,84.457,,,,42.0,42.0,42.0,0.5805078749441688
PIA,37,13,MEDIUM,84.574,84.48266666666666,,,,42.0,42.0,42.0,0.6045463150581226
PIA,38,14,MEDIUM,84.566,84.56133333333334,,,,42.0,42.0,42.0,0.6273494286622467
PIA,39,15,MEDIUM,84.44,84.52666666666666,,,,42.0,42.0,42.0,0.6508832005157754
PIA,40,16,MEDIUM,84.777,84.59433333333334,,,,42.0,42.0,42.0,0.6730281450988218
PIA,41,17,MEDIUM,84.786,84.66766666666666,,,,42.0,42.0,42.0,0.6939655336710101
PIA,42,0,MEDIUM,89.077,86.21333333333332,,,,,,,0.2774017491627365
PIA,43,1,HARD,106.278,93.38033333333334,,,,,,,0.23900928955481418
PIA,44,2,HARD,82.996,92.78366666666666,,,,,,,0.23935505666220483
PIA,45,3,HARD,83.324,90.866,,,,,,,0.27955137890208337
PIA,46,4,HARD,83.333,83.21766666666666,,,,,,,0.3965781252391156
PIA,47,5,HARD,83.411,83.356,,,,,,,0.419174986827958
PIA,48,6,HARD,83.062,83.26866666666666,,,,,,,0.44462009438520433
PIA,49,7,HARD,83.172,83.21499999999999,,,,,,,0.47054096677537827
PIA,50,8,HARD,83.248,83.16066666666667,,,,,,,0.49658274460703755
PIA,51,9,HARD,83.833,83.41766666666666,,,,,,,0.5190361439614273
PIA,52,10,HARD,83.9,83.66033333333333,,,,,,,0.5408809226062585
PIA,53,11,HARD,83.714,83.81566666666667,,,,,,,0.56341322350866
PIA,54,12,HARD,83.889,83.83433333333333,,,,,,,0.5880294896129635
PIA,55,13,HARD,83.653,83.752,,,,,,,0.6129945400364991
PIA,56,14,HARD,83.681,83.741,,,,,,,0.6368074902619795
PIA,57,15,HARD,83.625,83.653,,,,,,,0.6608229866336213
RUS,1,0,MEDIUM,,,,,,7.0,7.0,7.0,0.9657549822821957
RUS,2,0,MEDIUM,88.31,88.31,,,,7.0,7.0,7.0,0.2537832906460795
RUS,3,0,MEDIUM,88.059,88.1845,,,,7.0,7.0,7.0,0.25483878904785784
RUS,4,0,MEDIUM,87.944,88.10433333333333,,,,7.0,7.0,7.0,0.2555634917462392
RUS,5,0,MEDIUM,88.149,88.05066666666666,,,,7.0,7.0,7.0,0.2563544741246836
RUS,6,0,MEDIUM,87.772,87.955,,,,7.0,7.0,7.0,0.25696282641957796
RUS,7,0,MEDIUM,105.551,93.824,,,,32.0,32.0,32.0,0.2162244038844091
RUS,8,1,MEDIUM,141.283,111.53533333333333,,,,32.0,32.0,32.0,0.1223139395415988
RUS,9,2,MEDIUM,140.378,129.07066666666665,,,,32.0,32.0,32.0,0.05458882466660581
RUS,10,3,MEDIUM,136.061,139.24066666666667,,,,32.0,32.0,32.0,0.0341590541751987
RUS,11,4,MEDIUM,87.823,121.42066666666666,,,,32.0,32.0,32.0,0.07430698916592582
RUS,12,5,MEDIUM,87.928,103.93733333333334,,,,32.0,32.0,32.0,0.19046483966918182
RUS,13,6,MEDIUM,87.619,87.79,,,,32.0,32.0,32.0,0.38973661685214217
RUS,14,7,MEDIUM,87.735,87.76066666666667,,,,32.0,32.0,32.0,0.41452712142521364
RUS,15,8,MEDIUM,87.675,87.67633333333333,,,,32.0,32.0,32.0,0.4402669031268529
RUS,16,9,MEDIUM,87.337,87.58233333333334,,,,32.0,32.0,32.0,0.4660731545926062
RUS,17,10,MEDIUM,87.623,87.545,,,,32.0,32.0,32.0,0.49215879001675045
RUS,18,11,MEDIUM,87.477,87.479,,,,32.0,32.0,32.0,0.5180735258119092
RUS,19,12,MEDIUM,87.536,87.54533333333335,,,,32.0,32.0,32.0,0.542351013466458
RUS,20,13,MEDIUM,87.269,87.42733333333335,,,,32.0,32.0,32.0,0.5684950516323933
RUS,21,14,MEDIUM,87.413,87.406,,,,32.0,32.0,32.0,0.5935269459920929
RUS,22,15,MEDIUM,87.306,87.32933333333334,,,,32.0,32.0,32.0,0.6184733989335993
RUS,23,16,MEDIUM,87.219,87.31266666666666,,,,32.0,32.0,32.0,0.6420685312506687
RUS,24,17,MEDIUM,86.954,87.15966666666667,,,,32.0,32.0,32.0,0.6664599769642505
RUS,25,18,MEDIUM,87.243,87.13866666666667,,,,32.0,32.0,32.0,0.6890910333802879
RUS,26,19,MEDIUM,87.569,87.25533333333333,,,,32.0,32.0,32.0,0.7093172918958792
RUS,27,20,MEDIUM,87.224,87.34533333333333,,,,32.0,32.0,32.0,0.728286024132
RUS,28,21,MEDIUM,86.998,87.26366666666667,,,,32.0,32.0,32.0,0.748392161983531
RUS,29,22,MEDIUM,86.855,87.02566666666667,,,,32.0,32.0,32.0,0.7691196091105994
RUS,30,23,MEDIUM,86.637,86.83,,,,32.0,32.0,32.0,0.7881573545253316
RUS,31,24,MEDIUM,86.633,86.70833333333333,,,,32.0,32.0,32.0,0.8055662747275169
RUS,32,0,MEDIUM,90.763,88.01100000000001,,,,,,,0.25961840445537426
RUS,33,1,HARD,108.359,95.25166666666668,,,,,,,0.22260564210167447
RUS,34,2,HARD,85.114,94.74533333333332,,,,,,,0.2221004217596487
RUS,35,3,HARD,85.273,92.91533333333332,,,,,,,0.25926732905902844
RUS,36,4,HARD,85.297,85.228,,,,,,,0.3727170932801302
RUS,37,5,HARD,85.285,85.285,,,,,,,0.39580487568293665
RUS,38,6,HARD,86.141,85.57433333333334,,,,,,,0.4174165621211993
RUS,39,7,HARD,85.62,85.682,,,,,,,0.43991727263263697
RUS,40,8,HARD,85.888,85.883,,,,,,,0.4624887480531545
RUS,41,9,HARD,85.44,85.64933333333333,,,,,,,0.4902489334848996
RUS,42,10,HARD,86.07,85.79933333333334,,,,,,,0.514260458138072
RUS,43,11,HARD,85.113,85.541,,,,,,,0.5416184288113997
RUS,44,12,HARD,85.154,85.44566666666667,,,,,,,0.5678902323567834
RUS,45,13,HARD,84.691,84.986,,,,,,,0.5979836970551381
RUS,46,14,HARD,84.733,84.85933333333334,,,,,,,0.6236830704689734
RUS,47,15,HARD,84.495,84.63966666666667,,,,,,,0.6495225772489959
RUS,48,16,HARD,84.369,84.53233333333334,,,,,,,0.6732783691561403
RUS,49,17,HARD,84.637,84.50033333333333,,,,,,,0.6957625327051288
RUS,50,18,HARD,84.41,84.472,,,,,,,0.7167373339900709
RUS,51,19,HARD,84.63,84.559,,,,,,,0.7360586678501368
RUS,52,20,HARD,84.298,84.446,,,,,,,0.7559935371771972
RUS,53,21,HARD,84.301,84.40966666666667,,,,,,,0.7744697857623314
RUS,54,22,HARD,84.373,84.324,,,,,,,0.7924489488020062
RUS,55,23,HARD,85.726,84.8,,,,,,,0.8056145467888033
RUS,56,24,HARD,83.198,84.43233333333333,,,,,,,0.8218212884348373
RUS,57,25,HARD,83.296,84.07333333333334,,,,,,,0.8389093915239064
SAI,1,0,MEDIUM,,,,,,7.0,7.0,7.0,0.9657549822821957
SAI,2,0,MEDIUM,88.123,88.123,,,,7.0,7.0,7.0,0.25555901010939236
SAI,3,0,MEDIUM,88.03,88.07650000000001,,,,7.0,7.0,7.0,0.2559515507875479
SAI,4,0,MEDIUM,87.804,87.98566666666666,,,,7.0,7.0,7.0,0.2566714566798077
SAI,5,0,MEDIUM,87.699,87.84433333333334,,,,7.0,7.0,7.0,0.2580622618723447
SAI,6,0,MEDIUM,87.394,87.63233333333334,,,,7.0,7.0,7.0,0.2599965130135964
SAI,7,0,MEDIUM,104.711,93.268,,,,32.0,32.0,32.0,0.22069802802804828
SAI,8,1,MEDIUM,139.424,110.50966666666666,,,,32.0,32.0,32.0,0.1274030697144236
SAI,9,2,MEDIUM,140.901,128.34533333333334,,,,32.0,32.0,32.0,0.05687102901993455
SAI,10,3,MEDIUM,138.332,139.55233333333334,,,,32.0,32.0,32.0,0.0340119580856219
SAI,11,4,MEDIUM,87.424,122.219,,,,32.0,32.0,32.0,0.07115549121988064
SAI,12,5,MEDIUM,86.928,104.228,,,,32.0,32.0,32.0,0.18711571525774726
SAI,13,6,MEDIUM,86.85,87.06733333333334,,,,32.0,32.0,32.0,0.3983057460315117
SAI,14,7,MEDIUM,86.711,86.82966666666665,,,,32.0,32.0,32.0,0.42574472181264705
SAI,15,8,MEDIUM,86.884,86.815,,,,32.0,32.0,32.0,0.4510103045901021
SAI,16,9,MEDIUM,86.71,86.76833333333333,,,,32.0,32.0,32.0,0.47648426576010855
SAI,17,10,MEDIUM,86.832,86.80866666666667,,,,32.0,32.0,32.0,0.5012897310785047
SAI,18,11,MEDIUM,86.874,86.80533333333334,,,,32.0,32.0,32.0,0.5265820375939475
SAI,19,12,MEDIUM,86.738,86.81466666666665,,,,32.0,32.0,32.0,0.5513141656326206
SAI,20,13,MEDIUM,86.975,86.86233333333332,,,,32.0,32.0,32.0,0.5757907836591444
SAI,21,14,MEDIUM,86.693,86.802,,,,32.0,32.0,32.0,0.6006376849343359
SAI,22,15,MEDIUM,86.647,86.77166666666666,,,,32.0,32.0,32.0,0.6248994908488698
SAI,23,16,MEDIUM,86.646,86.66199999999999,,,,32.0,32.0,32.0,0.649614584043609
SAI,24,17,MEDIUM,86.65,86.64766666666667,,,,32.0,32.0,32.0,0.6723894313713633
SAI,25,18,MEDIUM,86.699,86.665,,,,32.0,32.0,32.0,0.6940601563964001
SAI,26,19,MEDIUM,86.776,86.70833333333333,,,,32.0,32.0,32.0,0.714642342316982
SAI,27,20,MEDIUM,86.56,86.67833333333333,,,,32.0,32.0,32.0,0.7348418957470473
SAI,28,21,MEDIUM,86.195,86.51033333333334,,,,32.0,32.0,32.0,0.7553699651256784
SAI,29,22,MEDIUM,86.418,86.391,,,,32.0,32.0,32.0,0.7749052892958643
SAI,30,23,MEDIUM,86.262,86.29166666666667,,,,32.0,32.0,32.0,0.7927714431860671
SAI,31,24,MEDIUM,86.165,86.28166666666668,,,,32.0,32.0,32.0,0.8088514491032391
SAI,32,0,MEDIUM,90.422,87.61633333333333,,,,,,,0.2634906444131371
SAI,33,1,HARD,107.721,94.76933333333334,,,,,,,0.2266543440221165
SAI,34,2,HARD,85.267,94.46999999999998,,,,,,,0.22491296804629748
SAI,35,3,HARD,85.167,92.71833333333332,,,,,,,0.2612642190333958
SAI,36,4,HARD,84.732,85.05533333333334,,,,,,,0.37421709977969386
SAI,37,5,HARD,84.913,84.93733333333334,,,,,,,0.3999385395807721
SAI,38,6,HARD,84.854,84.833,,,,,,,0.42570443633626454
SAI,39,7,HARD,84.794,84.85366666666665,,,,,,,0.45015478013097643
SAI,40,8,HARD,84.597,84.74833333333333,,,,,,,0.47640483488755375
SAI,41,9,HARD,84.561,84.65066666666667,,,,,,,0.5029076456695472
SAI,42,10,HARD,84.648,84.60199999999999,,,,,,,0.5288880516452525
SAI,43,11,HARD,84.726,84.645,,,,,,,0.5534386231650177
SAI,44,12,HARD,84.306,84.56,,,,,,,0.578780638758476
SAI,45,13,HARD,84.52,84.51733333333333,,,,,,,0.6040112282629315
SAI,46,14,HARD,84.273,84.36633333333333,,,,,,,0.6294974399495736
SAI,47,15,HARD,84.182,84.325,,,,,,,0.6530997658980799
SAI,48,16,HARD,83.859,84.10466666666666,,,,,,,0.6778650949728058
SAI,49,17,HARD,83.935,83.992,,,,,,,0.700888174191179
SAI,50,18,HARD,84.485,84.093,,,,,,,0.7210895762862947
SAI,51,19,HARD,84.526,84.31533333333333,,,,,,,0.7385731996199427
SAI,52,20,HARD,84.502,84.50433333333332,,,,,,,0.7556075654134661
SAI,53,21,HARD,84.356,84.46133333333333,,,,,,,0.7740213086290848
SAI,54,22,HARD,84.255,84.371,,,,,,,0.7919076297538463
SAI,55,23,HARD,84.085,84.23199999999999,,,,,,,0.8090865785464354
SAI,56,24,HARD,84.409,84.24966666666667,,,,,,,0.8243043671815374
SAI,57,25,HARD,84.385,84.293,,,,,,,0.8380896104957379
STR,1,0,MEDIUM,,,,,,7.0,7.0,7.0,0.9657549822821957
STR,2,0,MEDIUM,89.552,89.552,,,,7.0,7.0,7.0,0.24219752496260188
STR,3,0,MEDIUM,88.85,89.201,,,,7.0,7.0,7.0,0.24506607109187498
STR,4,0,MEDIUM,88.851,89.08433333333333,,,,7.0,7.0,7.0,0.24627146520652682
STR,5,0,MEDIUM,88.778,88.82633333333332,,,,7.0,7.0,7.0,0.24887141990445025
STR,6,0,MEDIUM,88.265,88.63133333333333,,,,7.0,7.0,7.0,0.25036049109215874
STR,7,0,MEDIUM,111.704,96.249,,,,24.0,24.0,24.0,0.1997341975458373
STR,8,1,MEDIUM,133.958,111.309,,,,24.0,24.0,24.0,0.11923678971131567
STR,9,2,MEDIUM,142.013,129.225,,,,24.0,24.0,24.0,0.054624215773985775
STR,10,3,MEDIUM,128.606,134.859,,,,24.0,24.0,24.0,0.04147846865929799
STR,11,4,MEDIUM,89.31,119.97633333333332,,,,24.0,24.0,24.0,0.08065807845204143
STR,12,5,MEDIUM,88.45,102.122,,,,24.0,24.0,24.0,0.20703250759793723
STR,13,6,MEDIUM,88.136,88.632,,,,24.0,24.0,24.0,0.37933127930925975
STR,14,7,MEDIUM,88.067,88.21766666666667,,,,24.0,24.0,24.0,0.4088180659817437
STR,15,8,MEDIUM,87.778,87.99366666666667,,,,24.0,24.0,24.0,0.436059243532786
STR,16,9,MEDIUM,87.782,87.87566666666667,,,,24.0,24.0,24.0,0.4626373260631294
STR,17,10,MEDIUM,87.684,87.748,,,,24.0,24.0,24.0,0.4894192955443526
STR,18,11,MEDIUM,87.529,87.665,,,,24.0,24.0,24.0,0.5155599170490206
STR,19,12,MEDIUM,87.685,87.63266666666668,,,,24.0,24.0,24.0,0.5413533196699937
STR,20,13,MEDIUM,87.7,87.63799999999999,,,,24.0,24.0,24.0,0.56621515929006
STR,21,14,MEDIUM,87.637,87.67399999999999,,,,24.0,24.0,24.0,0.5902279699244429
STR,22,15,MEDIUM,87.751,87.69600000000001,,,,24.0,24.0,24.0,0.6142411152014409
STR,23,16,MEDIUM,87.689,87.69233333333334,,,,24.0,24.0,24.0,0.63781027718935
STR,24,0,MEDIUM,92.338,89.25933333333334,,,,49.0,49.0,49.0,0.24814152385746377
STR,25,1,MEDIUM,107.491,95.83933333333331,,,,49.0,49.0,49.0,0.21615597680322657
STR,26,2,MEDIUM,86.151,95.32666666666668,,,,49.0,49.0,49.0,0.21755647459255248
STR,27,3,MEDIUM,86.624,93.42199999999998,,,,49.0,49.0,49.0,0.25533965359245764
STR,28,4,MEDIUM,86.479,86.418,,,,49.0,49.0,49.0,0.35889674564956686
STR,29,5,MEDIUM,86.277,86.46,,,,49.0,49.0,49.0,0.38159191637487677
STR,30,6,MEDIUM,86.325,86.36033333333334,,,,49.0,49.0,49.0,0.40706136335071164
STR,31,7,MEDIUM,86.392,86.33133333333335,,,,49.0,49.0,49.0,0.43210063418111266
STR,32,8,MEDIUM,86.163,86.29333333333334,,,,49.0,49.0,49.0,0.4571990924732885
STR,33,9,MEDIUM,87.4,86.65166666666666,,,,49.0,49.0,49.0,0.47908319921968456
STR,34,10,MEDIUM,86.011,86.52466666666668,,,,49.0,49.0,49.0,0.5040793784671006
STR,35,11,MEDIUM,85.715,86.37533333333333,,,,49.0,49.0,49.0,0.5309108649940596
STR,36,12,MEDIUM,86.963,86.22966666666666,,,,49.0,49.0,49.0,0.5596758318126802
STR,37,13,MEDIUM,85.669,86.11566666666666,,,,49.0,49.0,49.0,0.5841165975094128
STR,38,14,MEDIUM,85.627,86.08633333333334,,,,49.0,49.0,49.0,0.6087203997778111
STR,39,15,MEDIUM,85.51,85.60199999999999,,,,49.0,49.0,49.0,0.6385548905931081
STR,40,16,MEDIUM,85.228,85.455,,,,49.0,49.0,49.0,0.6629638842951134
STR,41,17,MEDIUM,85.632,85.45666666666666,,,,49.0,49.0,49.0,0.6855888755104892
STR,42,18,MEDIUM,85.747,85.53566666666666,,,,49.0,49.0,49.0,0.7061325932772464
STR,43,19,MEDIUM,85.475,85.618,,,,49.0,49.0,49.0,0.7253963016874263
STR,44,20,MEDIUM,85.698,85.63999999999999,,,,49.0,49.0,49.0,0.7450293478693853
STR,45,21,MEDIUM,85.49,85.55433333333333,,,,49.0,49.0,49.0,0.7643560457027481
STR,46,22,MEDIUM,85.482,85.55666666666666,,,,49.0,49.0,49.0,0.7820037610112618
STR,47,23,MEDIUM,85.373,85.44833333333334,,,,49.0,49.0,49.0,0.7995754442167579
STR,48,24,MEDIUM,85.428,85.42766666666667,,,,49.0,49.0,49.0,0.815469899142449
STR,49,0,MEDIUM,89.693,86.83133333333335,,,,,,,0.2712450714397237
STR,50,1,SOFT,113.134,96.085,,,,,,,0.219281782924222
STR,51,2,SOFT,83.484,95.437,,,,,,,0.21395452948671725
STR,52,3,SOFT,83.795,93.471,,,,,,,0.2517831551814664
STR,53,4,SOFT,85.132,84.137,,,,,,,0.3868100644437649
STR,54,5,SOFT,88.397,85.77466666666668,,,,,,,0.3935093844699632
STR,55,6,SOFT,92.951,88.82666666666667,,,,,,,0.38322205257146735
STR,56,7,,,88.82666666666667,,,,,,,0.28848077648661874
TSU,1,0,MEDIUM,,,,,,7.0,7.0,7.0,0.9657549822821957
TSU,2,0,MEDIUM,89.251,89.251,,,,7.0,7.0,7.0,0.24497199243275206
TSU,3,0,MEDIUM,89.116,89.18350000000001,,,,7.0,7.0,7.0,0.24552611526552842
TSU,4,0,MEDIUM,88.638,89.00166666666667,,,,7.0,7.0,7.0,0.24690230982006406
TSU,5,0,MEDIUM,88.604,88.786,,,,7.0,7.0,7.0,0.24910682205517976
TSU,6,0,MEDIUM,88.323,88.52166666666666,,,,7.0,7.0,7.0,0.25157076151521646
TSU,7,0,MEDIUM,109.215,95.38066666666668,,,,32.0,32.0,32.0,0.20526328601389118
TSU,8,1,MEDIUM,134.372,110.63666666666668,,,,32.0,32.0,32.0,0.12348058778064301
TSU,9,2,MEDIUM,141.975,128.52066666666667,,,,32.0,32.0,32.0,0.05667453938463182
TSU,10,3,MEDIUM,131.052,135.79966666666667,,,,32.0,32.0,32.0,0.03997404138496545
TSU,11,4,MEDIUM,88.238,120.42166666666668,,,,32.0,32.0,32.0,0.07839673688600994
TSU,12,5,MEDIUM,88.307,102.53233333333333,,,,32.0,32.0,32.0,0.2031736460309407
TSU,13,6,MEDIUM,87.873,88.13933333333334,,,,32.0,32.0,32.0,0.3854599279091467
TSU,14,7,MEDIUM,87.689,87.95633333333335,,,,32.0,32.0,32.0,0.4118210887731143
TSU,15,8,MEDIUM,87.866,87.80933333333333,,,,32.0,32.0,32.0,0.43870898010826936
TSU,16,9,MEDIUM,87.544,87.69966666666666,,,,32.0,32.0,32.0,0.4647393750417188
TSU,17,10,MEDIUM,87.857,87.75566666666667,,,,32.0,32.0,32.0,0.4895580167473252
TSU,18,11,MEDIUM,87.586,87.66233333333332,,,,32.0,32.0,32.0,0.5156778420238035
TSU,19,12,MEDIUM,87.477,87.64,,,,32.0,32.0,32.0,0.5409586590575851
TSU,20,13,MEDIUM,87.537,87.53333333333335,,,,32.0,32.0,32.0,0.5674195095954169
TSU,21,14,MEDIUM,87.443,87.48566666666666,,,,32.0,32.0,32.0,0.5924969947376229
TSU,22,15,MEDIUM,87.427,87.46900000000001,,,,32.0,32.0,32.0,0.6167982780716353
TSU,23,16,MEDIUM,87.402,87.42399999999999,,,,32.0,32.0,32.0,0.6408811630198409
TSU,24,17,MEDIUM,87.543,87.45733333333334,,,,32.0,32.0,32.0,0.6635109645302634
TSU,25,18,MEDIUM,87.666,87.53699999999999,,,,32.0,32.0,32.0,0.6848358932061707
TSU,26,19,MEDIUM,87.299,87.50266666666668,,,,32.0,32.0,32.0,0.7061503821437296
TSU,27,20,MEDIUM,87.406,87.457,,,,32.0,32.0,32.0,0.7272583657386557
TSU,28,21,MEDIUM,87.624,87.443,,,,32.0,32.0,32.0,0.7471783899910929
TSU,29,22,MEDIUM,87.406,87.47866666666668,,,,32.0,32.0,32.0,0.7651708231687074
TSU,30,23,MEDIUM,87.293,87.44099999999999,,,,32.0,32.0,32.0,0.7830522439234044
TSU,31,24,MEDIUM,86.974,87.22433333333333,,,,32.0,32.0,32.0,0.8013329964892641
TSU,32,0,MEDIUM,91.141,88.46933333333334,,,,,,,0.25514870172815607
TSU,33,1,HARD,108.479,95.53133333333334,,,,,,,0.2200382605544774
TSU,34,2,HARD,85.504,95.04133333333334,,,,,,,0.21964399728958994
TSU,35,3,HARD,85.658,93.21366666666668,,,,,,,0.2565051974923915
TSU,36,4,HARD,85.854,85.67200000000001,,,,,,,0.3676879249559472
TSU,37,5,HARD,86.184,85.89866666666667,,,,,,,0.38887206335908275
TSU,38,6,HARD,85.723,85.92033333333332,,,,,,,0.4121620450899822
TSU,39,7,HARD,85.7,85.86899999999999,,,,,,,0.4374640808781923
TSU,40,8,HARD,85.583,85.66866666666665,,,,,,,0.46502727140789163
TSU,41,9,HARD,85.684,85.65566666666666,,,,,,,0.49050696344289035
TSU,42,10,HARD,85.453,85.57333333333334,,,,,,,0.5165298679682654
TSU,43,11,HARD,85.417,85.51799999999999,,,,,,,0.542364914490973
TSU,44,12,HARD,85.593,85.48766666666667,,,,,,,0.5679277290032225
TSU,45,13,HARD,85.359,85.45633333333335,,,,,,,0.5925853908429898
TSU,46,14,HARD,85.41,85.454,,,,,,,0.616786006721582
TSU,47,15,HARD,85.427,85.39866666666667,,,,,,,0.6410565548856891
TSU,48,16,HARD,85.181,85.33933333333334,,,,,,,0.6643425495309467
TSU,49,17,HARD,85.327,85.31166666666667,,,,,,,0.6869550894114056
TSU,50,18,HARD,84.256,84.92133333333334,,,,,,,0.7114487190806706
TSU,51,19,HARD,84.522,84.70166666666667,,,,,,,0.7343922343179977
TSU,52,20,HARD,84.442,84.40666666666667,,,,,,,0.7565480987242549
TSU,53,21,HARD,84.29,84.418,,,,,,,0.7743777831030257
TSU,54,22,HARD,84.144,84.292,,,,,,,0.792528281820102
TSU,55,23,HARD,84.344,84.25933333333334,,,,,,,0.8090785254733271
TSU,56,24,HARD,84.213,84.23366666666666,,,,,,,0.8242722849120483
TSU,57,25,HARD,84.139,84.23199999999999,,,,,,,0.8383609983580074
VER,1,0,MEDIUM,,,,,,7.0,7.0,7.0,0.9657549822821957
VER,2,0,MEDIUM,87.349,87.349,,,,7.0,7.0,7.0,0.26299509385409314
VER,3,0,MEDIUM,87.511,87.43,,,,7.0,7.0,7.0,0.2622993900351872
VER,4,0,MEDIUM,87.324,87.39466666666665,,,,7.0,7.0,7.0,0.2624748434973037
VER,5,0,MEDIUM,86.843,87.226,,,,7.0,7.0,7.0,0.26376704268660234
VER,6,0,MEDIUM,87.123,87.09666666666668,,,,7.0,7.0,7.0,0.26547835964887684
VER,7,0,MEDIUM,102.211,92.059,,,,32.0,32.0,32.0,0.22997543685294483
VER,8,1,MEDIUM,145.76,111.698,,,,32.0,32.0,32.0,0.12408075569238455
VER,9,2,MEDIUM,141.444,129.80499999999998,,,,32.0,32.0,32.0,0.05281774119395716
VER,10,3,MEDIUM,138.63,141.94466666666665,,,,32.0,32.0,32.0,0.029944385331253476
VER,11,4,MEDIUM,87.109,122.39433333333334,,,,32.0,32.0,32.0,0.070395549142516
VER,12,5,MEDIUM,86.659,104.13266666666668,,,,32.0,32.0,32.0,0.18769184608636497
VER,13,6,MEDIUM,86.55,86.77266666666667,,,,32.0,32.0,32.0,0.4018365958796948
VER,14,7,MEDIUM,86.148,86.45233333333333,,,,32.0,32.0,32.0,0.4301078149090429
VER,15,8,MEDIUM,86.298,86.332,,,,32.0,32.0,32.0,0.45685479014995667
VER,16,9,MEDIUM,86.042,86.16266666666667,,,,32.0,32.0,32.0,0.48395889333818437
VER,17,10,MEDIUM,85.977,86.10566666666666,,,,32.0,32.0,32.0,0.5098649955033342
VER,18,11,MEDIUM,85.759,85.926,,,,32.0,32.0,32.0,0.5372014044414574
VER,19,12,MEDIUM,85.727,85.82100000000001,,,,32.0,32.0,32.0,0.563552857399393
VER,20,13,MEDIUM,85.864,85.78333333333335,,,,32.0,32.0,32.0,0.5888746781176207
VER,21,14,MEDIUM,85.803,85.798,,,,32.0,32.0,32.0,0.6127763050661403
VER,22,15,MEDIUM,85.921,85.86266666666667,,,,32.0,32.0,32.0,0.635737395831683
VER,23,16,MEDIUM,85.877,85.867,,,,32.0,32.0,32.0,0.6586456876810016
VER,24,17,MEDIUM,85.74,85.846,,,,32.0,32.0,32.0,0.6810284513132993
VER,25,18,MEDIUM,85.618,85.745,,,,32.0,32.0,32.0,0.7035543269444197
VER,26,19,MEDIUM,85.431,85.59633333333333,,,,32.0,32.0,32.0,0.7255869168663999
VER,27,20,MEDIUM,85.606,85.55166666666666,,,,32.0,32.0,32.0,0.7458639422046751
VER,28,21,MEDIUM,85.477,85.50466666666667,,,,32.0,32.0,32.0,0.7648407270282018
VER,29,22,MEDIUM,85.481,85.52133333333332,,,,32.0,32.0,32.0,0.7823381401327213
VER,30,23,MEDIUM,85.359,85.43900000000001,,,,32.0,32.0,32.0,0.7996460151769402
VER,31,24,MEDIUM,85.405,85.415,,,,32.0,32.0,32.0,0.8155564104084928
VER,32,0,MEDIUM,89.369,86.711,,,,,,,0.272207540858798
VER,33,1,HARD,106.87,93.88133333333332,,,,,,,0.23457323060175223
VER,34,2,HARD,84.845,93.69466666666666,,,,,,,0.2321041366314206
VER,35,3,HARD,84.779,92.16466666666668,,,,,,,0.2668293597770502
VER,36,4,HARD,84.744,84.78933333333333,,,,,,,0.37770945808633277
VER,37,5,HARD,84.618,84.71366666666667,,,,,,,0.40252944127014173
VER,38,6,HARD,84.907,84.75633333333333,,,,,,,0.42682247897360553
VER,39,7,HARD,84.592,84.70566666666666,,,,,,,0.45191212230341227
VER,40,8,HARD,84.541,84.67999999999999,,,,,,,0.47727510072646784
VER,41,9,HARD,84.568,84.567,,,,,,,0.5040826794731748
VER,42,10,HARD,84.729,84.61266666666667,,,,,,,0.528854586209588
VER,43,11,HARD,84.747,84.68133333333333,,,,,,,0.5529678370955164
VER,44,12,HARD,84.701,84.72566666666667,,,,,,,0.5770766108889286
VER,45,13,HARD,83.515,84.321,,,,,,,0.6052616673567298
VER,46,14,HARD,83.887,84.03433333333334,,,,,,,0.6332915747733135
VER,47,15,HARD,83.805,83.73566666666666,,,,,,,0.6600194500867786
VER,48,16,HARD,83.799,83.83033333333334,,,,,,,0.6811189647138048
VER,49,17,HARD,83.665,83.75633333333333,,,,,,,0.7033132828951455
VER,50,18,HARD,83.498,83.65400000000001,,,,,,,0.7248649729310228
VER,51,19,HARD,83.989,83.71733333333334,,,,,,,0.744374065179352
VER,52,20,HARD,84.141,83.876,,,,,,,0.7616411901556474
VER,53,21,HARD,84.492,84.20733333333334,,,,,,,0.7766205211480748
VER,54,22,HARD,84.678,84.437,,,,,,,0.7916974532502876
VER,55,23,HARD,84.405,84.52499999999999,,,,,,,0.8068360550203006
VER,56,24,HARD,84.403,84.49533333333333,,,,,,,0.8223086642965944
VER,57,25,HARD,84.968,84.592,,,,,,,0.836270473142162
